genome	secondary_cluster	threshold	cluster_method	comparison_algorithm	primary_cluster
RNODE_577_length_7056_cov_38.11425_ref.fasta	1_0	0.0999999999999999	average	ANImf	1
RNODE_578_length_7436_cov_10.94682_ref.fasta	2_0	0.0999999999999999	average	ANImf	2
GCF_000001735.4_TAIR10.1_genomic_ref.fasta	3_0	0.0999999999999999	average	ANImf	3
Umbelopsis_autotrophica_MPI-SW4-AT-0611.contigs_ref.fasta	4_0	0.0999999999999999	average	ANImf	4
Talaromyces_verruculosus_MPI-SP2-AT-0411.contigs_ref.fasta	5_0	0.0999999999999999	average	ANImf	5
1345695.PRJNA217481_ref.fasta	6_0	0.0999999999999999	average	ANImf	6
290402.PRJNA12637_ref.fasta	7_0	0.0999999999999999	average	ANImf	7
1121342.PRJNA194074_ref.fasta	8_0	0.0999999999999999	average	ANImf	8
1041930.PRJNA73221_ref.fasta	9_0	0.0999999999999999	average	ANImf	9
1120985.PRJNA188816_ref.fasta	10_0	0.0999999999999999	average	ANImf	10
Penicillium_canescens_MPI-SW4-AT-0573.contigs_ref.fasta	11_0	0.0999999999999999	average	ANImf	11
Penicillium_restrictum_MPI-SP2-AT-0405.contigs_ref.fasta	12_0	0.0999999999999999	average	ANImf	12
Penicillium_crustosum_MPI-IT2-AT-0321.contigs_ref.fasta	13_0	0.0999999999999999	average	ANImf	13
Cylindrocarpon_pauciseptatum_MPI-SP2-AT-0468.contigs_ref.fasta	14_0	0.0999999999999999	average	ANImf	14
Ilyonectria_macrodidyma_MPI-GEGE-AT-0033.contigs_ref.fasta	15_0	0.0999999999999999	average	ANImf	15
Neonectria_radicicola_MPI-CAGE-CH-0236.contigs_ref.fasta	16_0	0.0999999999999999	average	ANImf	16
Macrophomina_phaseolina_MPI-FR1-AT-0330.contigs_ref.fasta	17_1	0.0999999999999999	average	ANImf	17
Macrophomina_phaseolina_MPI-SDFR-AT-0085.contigs_ref.fasta	17_1	0.0999999999999999	average	ANImf	17
Myrothecium_cinctum_MPI-SP2-AT-0408.contigs_ref.fasta	18_0	0.0999999999999999	average	ANImf	18
Aspergillus_fumigatus_MPI-SW4-AT-0569.contigs_ref.fasta	19_1	0.0999999999999999	average	ANImf	19
Fusarium_torulosum_MPI-SDFR-AT-0089.contigs_ref.fasta	19_1	0.0999999999999999	average	ANImf	19
Fusarium_oxysporum_MPI-CAGE-AT-0013.contigs_ref.fasta	20_1	0.0999999999999999	average	ANImf	20
Fusarium_oxysporum_MPI-CAGE-CH-0226.contigs_ref.fasta	20_1	0.0999999999999999	average	ANImf	20
Fusarium_oxysporum_MPI-FR1-AT-0335.contigs_ref.fasta	20_1	0.0999999999999999	average	ANImf	20
Fusarium_oxysporum_MPI-IT2-AT-0302.contigs_ref.fasta	20_1	0.0999999999999999	average	ANImf	20
Fusarium_oxysporum_MPI-PUGE-AT-0057.contigs_ref.fasta	20_1	0.0999999999999999	average	ANImf	20
Fusarium_oxysporum_MPI-SP2-AT-0407.contigs_ref.fasta	20_1	0.0999999999999999	average	ANImf	20
Fusarium_redolens_MPI-CAGE-CH-0216.contigs_ref.fasta	20_1	0.0999999999999999	average	ANImf	20
Fusarium_falciforme_MPI-FR1-AT-0333.contigs_ref.fasta	21_1	0.0999999999999999	average	ANImf	21
Fusarium_falciforme_MPI-IT2-AT-0322.contigs_ref.fasta	21_1	0.0999999999999999	average	ANImf	21
Fusarium_equiseti_MPI-CAGE-CH-0233.contigs_ref.fasta	22_0	0.0999999999999999	average	ANImf	22
Metacordyceps_chlamydosporia_MPI-IT2-AT-0323.contigs_ref.fasta	23_0	0.0999999999999999	average	ANImf	23
Sarocladium_strictum_MPI-IT2-AT-0306.contigs_ref.fasta	24_1	0.0999999999999999	average	ANImf	24
Sarocladium_strictum_MPI-SWE4-AT-0554.contigs_ref.fasta	24_1	0.0999999999999999	average	ANImf	24
Plectosphaerella_cucumerina_MPI-FR1-AT-0340.contigs_ref.fasta	25_1	0.0999999999999999	average	ANImf	25
Plectosphaerella_cucumerina_MPI-SP2-AT-0421.contigs_ref.fasta	25_1	0.0999999999999999	average	ANImf	25
Plectosphaerella_cucumerina_MPI-SP2-AT-0455.contigs_ref.fasta	25_1	0.0999999999999999	average	ANImf	25
Gibellulopsis_nigrescens_MPI-SP2-AT-0410.contigs_ref.fasta	26_0	0.0999999999999999	average	ANImf	26
Verticillium_dahliae_MPI-FR1-AT-0353.contigs_ref.fasta	27_0	0.0999999999999999	average	ANImf	27
Phomopsis_columnaris_MPI-SP2-AT-0504.contigs_ref.fasta	28_1	0.0999999999999999	average	ANImf	28
Phomopsis_columnaris_MPI-SW4-AT-0540.contigs_ref.fasta	28_1	0.0999999999999999	average	ANImf	28
Cryptosporiopsis_ericae_MPI-SW4-AT-0549.contigs_ref.fasta	29_0	0.0999999999999999	average	ANImf	29
Truncatella_angustata_MPI-SW4-AT-0541.contigs_ref.fasta	30_0	0.0999999999999999	average	ANImf	30
Hypocrea_atroviridis_MPI-SP2-AT-0434.contigs_ref.fasta	31_0	0.0999999999999999	average	ANImf	31
Ochroconis_tshawytschae_MPI-SP2-AT-0416.contigs_ref.fasta	32_0	0.0999999999999999	average	ANImf	32
Peyronellaea_curtisii_MPI-SP2-AT-0415.contigs_ref.fasta	33_0	0.0999999999999999	average	ANImf	33
Phoma_selaginellicola_MPI-SW4-AT-0584.contigs_ref.fasta	34_0	0.0999999999999999	average	ANImf	34
Phoma_exigua_MPI-PUGE-AT-0052.contigs_ref.fasta	35_0	0.0999999999999999	average	ANImf	35
Rhizopycnis_vagum_MPI-FR1-AT-0346.contigs_ref.fasta	36_1	0.0999999999999999	average	ANImf	36
Sporobolomyces_sasicola_MPI-IT2-AT-0310.contigs_ref.fasta	36_1	0.0999999999999999	average	ANImf	36
Phaeosphaeria_eustoma_MPI-FR1-AT-0339.contigs_ref.fasta	37_1	0.0999999999999999	average	ANImf	37
Phaeosphaeria_eustoma_MPI-SP2-AT-0401.contigs_ref.fasta	37_1	0.0999999999999999	average	ANImf	37
Pyrenochaeta_lycopersici_MPI-FR1-AT-0381.contigs_ref.fasta	38_0	0.0999999999999999	average	ANImf	38
Paraphoma_chrysanthemicola_MPI-SDFR-AT-0093.contigs_ref.fasta	39_1	0.0999999999999999	average	ANImf	39
Paraphoma_chrysanthemicola_MPI-SDFR-AT-0118.contigs_ref.fasta	39_1	0.0999999999999999	average	ANImf	39
Phoma_radicina_MPI-SP2-AT-0466.contigs_ref.fasta	40_0	0.0999999999999999	average	ANImf	40
Embellisia_chlamydospora_MPI-FR1-AT-0336.contigs_ref.fasta	41_1	0.0999999999999999	average	ANImf	41
Embellisia_chlamydospora_MPI-SP2-AT-0402.contigs_ref.fasta	41_1	0.0999999999999999	average	ANImf	41
Alternaria_tenuis_MPI-SDFR-AT-0071.contigs_ref.fasta	42_0	0.0999999999999999	average	ANImf	42
Cladosporium_rectoides_MPI-GEGE-AT-0032.contigs_ref.fasta	43_0	0.0999999999999999	average	ANImf	43
Leptodontidium_orchidicola_MPI-SW4-AT-0643.contigs_ref.fasta	44_0	0.0999999999999999	average	ANImf	44
Phialocephala_fortinii_MPI-SW4-AT-0651.contigs_ref.fasta	45_0	0.0999999999999999	average	ANImf	45
Phialocephala_fortinii_MPI-SW4-AT-0551.contigs_ref.fasta	46_0	0.0999999999999999	average	ANImf	46
1173027.PRJNA158839_ref.fasta	47_0	0.0999999999999999	average	ANImf	47
320771.PRJNA20839_ref.fasta	48_0	0.0999999999999999	average	ANImf	48
497964.PRJNA28531_ref.fasta	49_0	0.0999999999999999	average	ANImf	49
anonymous_reads_114__name_anonymous_reads.fq_bin_15108.fasta_fairymags.fasta	50_0	0.0999999999999999	average	ANImf	50
anonymous_reads_66__name_anonymous_reads.fq_bin_162.fasta_fairymags.fasta	51_0	0.0999999999999999	average	ANImf	51
anonymous_reads_118__name_anonymous_reads.fq_bin_529.fasta_fairymags.fasta	52_0	0.0999999999999999	average	ANImf	52
anonymous_reads_150__name_anonymous_reads.fq_bin_2554.fasta_fairymags.fasta	53_0	0.0999999999999999	average	ANImf	53
anonymous_reads_22__name_anonymous_reads.fq_bin_66.fasta_fairymags.fasta	54_0	0.0999999999999999	average	ANImf	54
1120971.PRJNA185546_ref.fasta	55_0	0.0999999999999999	average	ANImf	55
1120973.PRJNA174171_ref.fasta	56_0	0.0999999999999999	average	ANImf	56
1400520.PRJNA219157_ref.fasta	57_0	0.0999999999999999	average	ANImf	57
1121353.PRJNA190670_ref.fasta	58_0	0.0999999999999999	average	ANImf	58
444461.PRJNA174173_ref.fasta	59_0	0.0999999999999999	average	ANImf	59
1217712.PRJNA183309_ref.fasta	60_0	0.0999999999999999	average	ANImf	60
520709.PRJNA183323_ref.fasta	61_0	0.0999999999999999	average	ANImf	61
1217715.PRJNA183332_ref.fasta	62_0	0.0999999999999999	average	ANImf	62
487316.PRJDB1754_ref.fasta	63_0	0.0999999999999999	average	ANImf	63
1150621.PRJNA84417_ref.fasta	64_0	0.0999999999999999	average	ANImf	64
485917.PRJNA27949_ref.fasta	65_0	0.0999999999999999	average	ANImf	65
509635.PRJNA214790_ref.fasta	66_0	0.0999999999999999	average	ANImf	66
1131730.PRJNA80825_ref.fasta	67_0	0.0999999999999999	average	ANImf	67
1238237.PRJNA176510_ref.fasta	68_0	0.0999999999999999	average	ANImf	68
307480.PRJNA255945_ref.fasta	69_0	0.0999999999999999	average	ANImf	69
421531.PRJNA256038_ref.fasta	70_0	0.0999999999999999	average	ANImf	70
Chlamy82_ref.fasta	71_0	0.0999999999999999	average	ANImf	71
445961.PRJNA255943_ref.fasta	72_0	0.0999999999999999	average	ANImf	72
3934_Z_ref.fasta	73_0	0.0999999999999999	average	ANImf	73
491205.PRJNA236202_ref.fasta	74_0	0.0999999999999999	average	ANImf	74
236814.PRJNA256039_ref.fasta	75_0	0.0999999999999999	average	ANImf	75
1121288.PRJNA188854_ref.fasta	76_0	0.0999999999999999	average	ANImf	76
421072.PRJNA255518_ref.fasta	77_0	0.0999999999999999	average	ANImf	77
LjRoot149_ref.fasta	78_1	0.0999999999999999	average	ANImf	78
anonymous_reads_2__name_anonymous_reads.fq_bin_22018.fasta_fairymags.fasta	78_1	0.0999999999999999	average	ANImf	78
sample_runs_5_concoct_34_mgnify.fasta	78_1	0.0999999999999999	average	ANImf	78
anonymous_reads_62__name_anonymous_reads.fq_bin_30646.fasta_fairymags.fasta	79_0	0.0999999999999999	average	ANImf	79
3934_BI_ref.fasta	80_1	0.0999999999999999	average	ANImf	80
anonymous_reads_166__name_anonymous_reads.fq_bin_32.fasta_fairymags.fasta	80_1	0.0999999999999999	average	ANImf	80
sample_runs_0_binner12_Refined_13_mgnify.fasta	80_1	0.0999999999999999	average	ANImf	80
1202532.PRJNA169163_ref.fasta	81_0	0.0999999999999999	average	ANImf	81
LjRoot82_ref.fasta	82_0	0.0999999999999999	average	ANImf	82
762903.PRJNA49337_ref.fasta	83_0	0.0999999999999999	average	ANImf	83
RNODE_138_length_6510_cov_13.48012_ref.fasta	84_1	0.0999999999999999	average	ANImf	84
anonymous_reads_90__name_anonymous_reads.fq_bin_27.fasta_fairymags.fasta	84_1	0.0999999999999999	average	ANImf	84
1107311.PRJNA221771_ref.fasta	85_1	0.0999999999999999	average	ANImf	85
anonymous_reads_122__name_anonymous_reads.fq_bin_76.fasta_fairymags.fasta	85_1	0.0999999999999999	average	ANImf	85
anonymous_reads_86__name_anonymous_reads.fq_bin_22192.fasta_fairymags.fasta	85_1	0.0999999999999999	average	ANImf	85
bin_concoct_SASB_rhimgCAMI2-sample-13.12_magneto.fasta	85_1	0.0999999999999999	average	ANImf	85
bin_concoct_SASB_rhimgCAMI2-sample-15.26_magneto.fasta	85_1	0.0999999999999999	average	ANImf	85
bin_concoct_SASB_rhimgCAMI2-sample-17.6_magneto.fasta	85_1	0.0999999999999999	average	ANImf	85
bin_concoct_SASB_rhimgCAMI2-sample-19.4_magneto.fasta	85_1	0.0999999999999999	average	ANImf	85
bin_concoct_SASB_rhimgCAMI2-sample-6.6_magneto.fasta	85_1	0.0999999999999999	average	ANImf	85
sample_runs_6_binner12_Refined_19_mgnify.fasta	85_1	0.0999999999999999	average	ANImf	85
anonymous_reads_22__name_anonymous_reads.fq_bin_4658.fasta_fairymags.fasta	86_0	0.0999999999999999	average	ANImf	86
anonymous_reads_134__name_anonymous_reads.fq_bin_28537.fasta_fairymags.fasta	87_1	0.0999999999999999	average	ANImf	87
anonymous_reads_74__name_anonymous_reads.fq_bin_23471.fasta_fairymags.fasta	87_1	0.0999999999999999	average	ANImf	87
anonymous_reads_2__name_anonymous_reads.fq_bin_21842.fasta_fairymags.fasta	88_0	0.0999999999999999	average	ANImf	88
RNODE_247_length_8256_cov_14.85123_ref.fasta	89_1	0.0999999999999999	average	ANImf	89
anonymous_reads_14__name_anonymous_reads.fq_bin_102.fasta_fairymags.fasta	89_1	0.0999999999999999	average	ANImf	89
RNODE_482_length_12608_cov_5.40546_ref.fasta	90_0	0.0999999999999999	average	ANImf	90
anonymous_reads_30__name_anonymous_reads.fq_bin_43117.fasta_fairymags.fasta	91_0	0.0999999999999999	average	ANImf	91
RNODE_347_length_5424_cov_5.89171_ref.fasta	92_0	0.0999999999999999	average	ANImf	92
RNODE_104_length_5057_cov_12.80755_ref.fasta	93_0	0.0999999999999999	average	ANImf	93
RNODE_112_length_5666_cov_6.47909_ref.fasta	94_0	0.0999999999999999	average	ANImf	94
RNODE_488_length_20029_cov_34.82594_ref.fasta	95_1	0.0999999999999999	average	ANImf	95
anonymous_reads_146__name_anonymous_reads.fq_bin_10743.fasta_fairymags.fasta	95_2	0.0999999999999999	average	ANImf	95
RNODE_61_length_7669_cov_5.82281_ref.fasta	96_0	0.0999999999999999	average	ANImf	96
1120967.PRJNA185542_ref.fasta	97_1	0.0999999999999999	average	ANImf	97
anonymous_reads_18__name_anonymous_reads.fq_bin_2060.fasta_fairymags.fasta	97_1	0.0999999999999999	average	ANImf	97
sample_runs_5_binner23_Refined_9_mgnify.fasta	97_1	0.0999999999999999	average	ANImf	97
anonymous_reads_102__name_anonymous_reads.fq_bin_3683.fasta_fairymags.fasta	98_0	0.0999999999999999	average	ANImf	98
498211.PRJNA28329_ref.fasta	99_1	0.0999999999999999	average	ANImf	99
anonymous_reads_18__name_anonymous_reads.fq_bin_21.fasta_fairymags.fasta	99_1	0.0999999999999999	average	ANImf	99
sample_runs_3_concoct_14_mgnify.fasta	99_1	0.0999999999999999	average	ANImf	99
sample_runs_5_metabat2_22_mgnify.fasta	99_1	0.0999999999999999	average	ANImf	99
anonymous_reads_26__name_anonymous_reads.fq_bin_15.fasta_fairymags.fasta	100_0	0.0999999999999999	average	ANImf	100
RNODE_34_length_5214_cov_5.85112_ref.fasta	101_1	0.0999999999999999	average	ANImf	101
anonymous_reads_42__name_anonymous_reads.fq_bin_9468.fasta_fairymags.fasta	101_1	0.0999999999999999	average	ANImf	101
anonymous_reads_146__name_anonymous_reads.fq_bin_10723.fasta_fairymags.fasta	102_0	0.0999999999999999	average	ANImf	102
anonymous_reads_14__name_anonymous_reads.fq_bin_46.fasta_fairymags.fasta	103_0	0.0999999999999999	average	ANImf	103
anonymous_reads_154__name_anonymous_reads.fq_bin_3640.fasta_fairymags.fasta	104_0	0.0999999999999999	average	ANImf	104
anonymous_reads_10__name_anonymous_reads.fq_bin_1349.fasta_fairymags.fasta	105_0	0.0999999999999999	average	ANImf	105
anonymous_reads_146__name_anonymous_reads.fq_bin_653.fasta_fairymags.fasta	106_0	0.0999999999999999	average	ANImf	106
RNODE_499_length_5376_cov_7.50141_ref.fasta	107_1	0.0999999999999999	average	ANImf	107
anonymous_reads_102__name_anonymous_reads.fq_bin_4627.fasta_fairymags.fasta	107_1	0.0999999999999999	average	ANImf	107
anonymous_reads_62__name_anonymous_reads.fq_bin_6632.fasta_fairymags.fasta	108_0	0.0999999999999999	average	ANImf	108
anonymous_reads_66__name_anonymous_reads.fq_bin_1671.fasta_fairymags.fasta	109_0	0.0999999999999999	average	ANImf	109
anonymous_reads_10__name_anonymous_reads.fq_bin_456.fasta_fairymags.fasta	110_1	0.0999999999999999	average	ANImf	110
anonymous_reads_122__name_anonymous_reads.fq_bin_5707.fasta_fairymags.fasta	110_1	0.0999999999999999	average	ANImf	110
anonymous_reads_162__name_anonymous_reads.fq_bin_41.fasta_fairymags.fasta	111_1	0.0999999999999999	average	ANImf	111
anonymous_reads_166__name_anonymous_reads.fq_bin_7.fasta_fairymags.fasta	111_1	0.0999999999999999	average	ANImf	111
anonymous_reads_110__name_anonymous_reads.fq_bin_40.fasta_fairymags.fasta	112_0	0.0999999999999999	average	ANImf	112
anonymous_reads_130__name_anonymous_reads.fq_bin_7356.fasta_fairymags.fasta	113_0	0.0999999999999999	average	ANImf	113
RNODE_461_length_26656_cov_11.43708_ref.fasta	114_0	0.0999999999999999	average	ANImf	114
RNODE_295_length_10931_cov_11.99890_ref.fasta	115_0	0.0999999999999999	average	ANImf	115
1178482.PRJNA214306_ref.fasta	116_0	0.0999999999999999	average	ANImf	116
756067.PRJNA47601_ref.fasta	117_0	0.0999999999999999	average	ANImf	117
anonymous_reads_114__name_anonymous_reads.fq_bin_4731.fasta_fairymags.fasta	118_0	0.0999999999999999	average	ANImf	118
anonymous_reads_2__name_anonymous_reads.fq_bin_4085.fasta_fairymags.fasta	119_0	0.0999999999999999	average	ANImf	119
anonymous_reads_146__name_anonymous_reads.fq_bin_5583.fasta_fairymags.fasta	120_0	0.0999999999999999	average	ANImf	120
anonymous_reads_106__name_anonymous_reads.fq_bin_731.fasta_fairymags.fasta	121_0	0.0999999999999999	average	ANImf	121
anonymous_reads_42__name_anonymous_reads.fq_bin_1831.fasta_fairymags.fasta	122_0	0.0999999999999999	average	ANImf	122
anonymous_reads_146__name_anonymous_reads.fq_bin_793.fasta_fairymags.fasta	123_0	0.0999999999999999	average	ANImf	123
anonymous_reads_42__name_anonymous_reads.fq_bin_1842.fasta_fairymags.fasta	124_0	0.0999999999999999	average	ANImf	124
anonymous_reads_66__name_anonymous_reads.fq_bin_5603.fasta_fairymags.fasta	125_0	0.0999999999999999	average	ANImf	125
anonymous_reads_134__name_anonymous_reads.fq_bin_7834.fasta_fairymags.fasta	126_0	0.0999999999999999	average	ANImf	126
anonymous_reads_38__name_anonymous_reads.fq_bin_1910.fasta_fairymags.fasta	127_0	0.0999999999999999	average	ANImf	127
anonymous_reads_34__name_anonymous_reads.fq_bin_12483.fasta_fairymags.fasta	128_0	0.0999999999999999	average	ANImf	128
anonymous_reads_90__name_anonymous_reads.fq_bin_665.fasta_fairymags.fasta	129_0	0.0999999999999999	average	ANImf	129
anonymous_reads_134__name_anonymous_reads.fq_bin_1218.fasta_fairymags.fasta	130_0	0.0999999999999999	average	ANImf	130
anonymous_reads_98__name_anonymous_reads.fq_bin_2506.fasta_fairymags.fasta	131_0	0.0999999999999999	average	ANImf	131
anonymous_reads_162__name_anonymous_reads.fq_bin_6087.fasta_fairymags.fasta	132_0	0.0999999999999999	average	ANImf	132
anonymous_reads_78__name_anonymous_reads.fq_bin_3754.fasta_fairymags.fasta	133_0	0.0999999999999999	average	ANImf	133
anonymous_reads_90__name_anonymous_reads.fq_bin_677.fasta_fairymags.fasta	134_0	0.0999999999999999	average	ANImf	134
anonymous_reads_38__name_anonymous_reads.fq_bin_362.fasta_fairymags.fasta	135_0	0.0999999999999999	average	ANImf	135
anonymous_reads_134__name_anonymous_reads.fq_bin_12566.fasta_fairymags.fasta	136_0	0.0999999999999999	average	ANImf	136
anonymous_reads_150__name_anonymous_reads.fq_bin_731.fasta_fairymags.fasta	137_0	0.0999999999999999	average	ANImf	137
anonymous_reads_106__name_anonymous_reads.fq_bin_2747.fasta_fairymags.fasta	138_0	0.0999999999999999	average	ANImf	138
anonymous_reads_10__name_anonymous_reads.fq_bin_1408.fasta_fairymags.fasta	139_0	0.0999999999999999	average	ANImf	139
anonymous_reads_58__name_anonymous_reads.fq_bin_2307.fasta_fairymags.fasta	140_0	0.0999999999999999	average	ANImf	140
anonymous_reads_146__name_anonymous_reads.fq_bin_4344.fasta_fairymags.fasta	141_0	0.0999999999999999	average	ANImf	141
1048983.PRJNA245774_ref.fasta	142_0	0.0999999999999999	average	ANImf	142
525897.PRJNA29527_ref.fasta	143_0	0.0999999999999999	average	ANImf	143
1459636.PRJNA235208_ref.fasta	144_0	0.0999999999999999	average	ANImf	144
652017.PRJNA238302_ref.fasta	145_0	0.0999999999999999	average	ANImf	145
1121917.PRJNA165395_ref.fasta	146_0	0.0999999999999999	average	ANImf	146
277.PRJNA260561_ref.fasta	147_0	0.0999999999999999	average	ANImf	147
323848.PRJNA13912_ref.fasta	148_0	0.0999999999999999	average	ANImf	148
anonymous_reads_134__name_anonymous_reads.fq_bin_2235.fasta_fairymags.fasta	149_0	0.0999999999999999	average	ANImf	149
anonymous_reads_2__name_anonymous_reads.fq_bin_771.fasta_fairymags.fasta	150_0	0.0999999999999999	average	ANImf	150
anonymous_reads_122__name_anonymous_reads.fq_bin_440.fasta_fairymags.fasta	151_0	0.0999999999999999	average	ANImf	151
anonymous_reads_130__name_anonymous_reads.fq_bin_903.fasta_fairymags.fasta	152_0	0.0999999999999999	average	ANImf	152
204669.PRJNA15771_ref.fasta	153_0	0.0999999999999999	average	ANImf	153
234267.PRJNA12638_ref.fasta	154_0	0.0999999999999999	average	ANImf	154
anonymous_reads_134__name_anonymous_reads.fq_bin_7520.fasta_fairymags.fasta	155_0	0.0999999999999999	average	ANImf	155
3823_H_ref.fasta	156_0	0.0999999999999999	average	ANImf	156
627192.PRJNA67115_ref.fasta	157_0	0.0999999999999999	average	ANImf	157
553385.PRJNA237992_ref.fasta	158_0	0.0999999999999999	average	ANImf	158
448385.PRJNA28111_ref.fasta	159_1	0.0999999999999999	average	ANImf	159
anonymous_reads_110__name_anonymous_reads.fq_bin_19.fasta_fairymags.fasta	159_1	0.0999999999999999	average	ANImf	159
anonymous_reads_78__name_anonymous_reads.fq_bin_23917.fasta_fairymags.fasta	159_1	0.0999999999999999	average	ANImf	159
sample_runs_5_binner12_Refined_48_mgnify.fasta	159_1	0.0999999999999999	average	ANImf	159
anonymous_reads_22__name_anonymous_reads.fq_bin_485.fasta_fairymags.fasta	159_2	0.0999999999999999	average	ANImf	159
1254432.PRJNA179502_ref.fasta	160_0	0.0999999999999999	average	ANImf	160
anonymous_reads_118__name_anonymous_reads.fq_bin_105.fasta_fairymags.fasta	161_0	0.0999999999999999	average	ANImf	161
anonymous_reads_22__name_anonymous_reads.fq_bin_498.fasta_fairymags.fasta	162_0	0.0999999999999999	average	ANImf	162
anonymous_reads_110__name_anonymous_reads.fq_bin_25.fasta_fairymags.fasta	163_0	0.0999999999999999	average	ANImf	163
anonymous_reads_78__name_anonymous_reads.fq_bin_186.fasta_fairymags.fasta	164_0	0.0999999999999999	average	ANImf	164
anonymous_reads_82__name_anonymous_reads.fq_bin_1664.fasta_fairymags.fasta	165_0	0.0999999999999999	average	ANImf	165
anonymous_reads_82__name_anonymous_reads.fq_bin_11083.fasta_fairymags.fasta	166_0	0.0999999999999999	average	ANImf	166
1121385.PRJNA182401_ref.fasta	167_0	0.0999999999999999	average	ANImf	167
anonymous_reads_38__name_anonymous_reads.fq_bin_393.fasta_fairymags.fasta	168_0	0.0999999999999999	average	ANImf	168
1267981.PRJNA232073_ref.fasta	169_1	0.0999999999999999	average	ANImf	169
sample_runs_1_metabat2_15_mgnify.fasta	169_1	0.0999999999999999	average	ANImf	169
anonymous_reads_78__name_anonymous_reads.fq_bin_4792.fasta_fairymags.fasta	170_0	0.0999999999999999	average	ANImf	170
1312954.PRJNA232074_ref.fasta	171_0	0.0999999999999999	average	ANImf	171
1312959.PRJNA232079_ref.fasta	172_0	0.0999999999999999	average	ANImf	172
3934_AT_ref.fasta	173_1	0.0999999999999999	average	ANImf	173
3934_BB_ref.fasta	173_1	0.0999999999999999	average	ANImf	173
Chlamy70_ref.fasta	173_2	0.0999999999999999	average	ANImf	173
290340.PRJNA12512_ref.fasta	174_0	0.0999999999999999	average	ANImf	174
3937_A_ref.fasta	175_1	0.0999999999999999	average	ANImf	175
LjRoot13_ref.fasta	175_1	0.0999999999999999	average	ANImf	175
930171.PRJNA20087_ref.fasta	176_0	0.0999999999999999	average	ANImf	176
452863.PRJNA20011_ref.fasta	177_0	0.0999999999999999	average	ANImf	177
1096756.PRJNA208966_ref.fasta	178_0	0.0999999999999999	average	ANImf	178
anonymous_reads_14__name_anonymous_reads.fq_bin_47534.fasta_fairymags.fasta	179_1	0.0999999999999999	average	ANImf	179
anonymous_reads_42__name_anonymous_reads.fq_bin_38.fasta_fairymags.fasta	179_1	0.0999999999999999	average	ANImf	179
1200352.PRJNA168617_ref.fasta	180_0	0.0999999999999999	average	ANImf	180
1404245.PRJNA221205_ref.fasta	181_0	0.0999999999999999	average	ANImf	181
1121362.PRJNA168616_ref.fasta	182_0	0.0999999999999999	average	ANImf	182
1285583.PRJNA186910_ref.fasta	183_0	0.0999999999999999	average	ANImf	183
anonymous_reads_22__name_anonymous_reads.fq_bin_1110.fasta_fairymags.fasta	184_0	0.0999999999999999	average	ANImf	184
anonymous_reads_26__name_anonymous_reads.fq_bin_18974.fasta_fairymags.fasta	185_0	0.0999999999999999	average	ANImf	185
219305.PRJNA33595_ref.fasta	186_1	0.0999999999999999	average	ANImf	186
anonymous_reads_162__name_anonymous_reads.fq_bin_21298.fasta_fairymags.fasta	186_1	0.0999999999999999	average	ANImf	186
anonymous_reads_26__name_anonymous_reads.fq_bin_13190.fasta_fairymags.fasta	186_1	0.0999999999999999	average	ANImf	186
sample_runs_1_concoct_19_mgnify.fasta	186_1	0.0999999999999999	average	ANImf	186
anonymous_reads_22__name_anonymous_reads.fq_bin_1131.fasta_fairymags.fasta	187_0	0.0999999999999999	average	ANImf	187
1120950.PRJNA169810_ref.fasta	188_0	0.0999999999999999	average	ANImf	188
anonymous_reads_102__name_anonymous_reads.fq_bin_13806.fasta_fairymags.fasta	189_0	0.0999999999999999	average	ANImf	189
anonymous_reads_62__name_anonymous_reads.fq_bin_2032.fasta_fairymags.fasta	190_0	0.0999999999999999	average	ANImf	190
358823.PRJNA242835_ref.fasta	191_1	0.0999999999999999	average	ANImf	191
591159.PRJNA33607_ref.fasta	191_1	0.0999999999999999	average	ANImf	191
665577.PRJNA63193_ref.fasta	192_0	0.0999999999999999	average	ANImf	192
1223523.PRJNA188290_ref.fasta	193_0	0.0999999999999999	average	ANImf	193
457425.PRJNA180996_ref.fasta	194_0	0.0999999999999999	average	ANImf	194
443255.PRJNA42475_ref.fasta	195_0	0.0999999999999999	average	ANImf	195
1343740.PRJNA207502_ref.fasta	196_0	0.0999999999999999	average	ANImf	196
457427.PRJNA33605_ref.fasta	197_0	0.0999999999999999	average	ANImf	197
455632.PRJDA20085_ref.fasta	198_0	0.0999999999999999	average	ANImf	198
591167.PRJNA33771_ref.fasta	199_0	0.0999999999999999	average	ANImf	199
43759.PRJNA238534_ref.fasta	200_0	0.0999999999999999	average	ANImf	200
1927.PRJNA242829_ref.fasta	201_0	0.0999999999999999	average	ANImf	201
1214242.PRJNA171216_ref.fasta	202_1	0.0999999999999999	average	ANImf	202
anonymous_reads_38__name_anonymous_reads.fq_bin_2435.fasta_fairymags.fasta	202_1	0.0999999999999999	average	ANImf	202
bin_concoct_SASB_rhimgCAMI2-sample-10.10_magneto.fasta	202_1	0.0999999999999999	average	ANImf	202
bin_concoct_SASB_rhimgCAMI2-sample-11.1_magneto.fasta	202_1	0.0999999999999999	average	ANImf	202
bin_concoct_SASB_rhimgCAMI2-sample-17.15_magneto.fasta	202_1	0.0999999999999999	average	ANImf	202
bin_concoct_SASB_rhimgCAMI2-sample-6.10_magneto.fasta	202_1	0.0999999999999999	average	ANImf	202
bin_concoct_SASB_rhimgCAMI2-sample-8.6_magneto.fasta	202_1	0.0999999999999999	average	ANImf	202
bin_concoct_SASB_rhimgCAMI2-sample-9.19_magneto.fasta	202_1	0.0999999999999999	average	ANImf	202
bin_metabat_SASB_rhimgCAMI2-sample-13.8_magneto.fasta	202_1	0.0999999999999999	average	ANImf	202
bin_metabat_SASB_rhimgCAMI2-sample-16.6_magneto.fasta	202_1	0.0999999999999999	average	ANImf	202
bin_metabat_SASB_rhimgCAMI2-sample-20.2_magneto.fasta	202_1	0.0999999999999999	average	ANImf	202
bin_metabat_SASB_rhimgCAMI2-sample-5.7_magneto.fasta	202_1	0.0999999999999999	average	ANImf	202
bin_semibin_SASB_rhimgCAMI2-sample-19.11_magneto.fasta	202_1	0.0999999999999999	average	ANImf	202
sample_runs_0_binner123_Refined_41_mgnify.fasta	202_1	0.0999999999999999	average	ANImf	202
anonymous_reads_10__name_anonymous_reads.fq_bin_265.fasta_fairymags.fasta	203_1	0.0999999999999999	average	ANImf	203
anonymous_reads_38__name_anonymous_reads.fq_bin_39.fasta_fairymags.fasta	203_1	0.0999999999999999	average	ANImf	203
anonymous_reads_94__name_anonymous_reads.fq_bin_45.fasta_fairymags.fasta	203_1	0.0999999999999999	average	ANImf	203
anonymous_reads_150__name_anonymous_reads.fq_bin_1175.fasta_fairymags.fasta	204_0	0.0999999999999999	average	ANImf	204
anonymous_reads_166__name_anonymous_reads.fq_bin_10.fasta_fairymags.fasta	205_0	0.0999999999999999	average	ANImf	205
1463864.PRJNA238534_ref.fasta	206_1	0.0999999999999999	average	ANImf	206
anonymous_reads_122__name_anonymous_reads.fq_bin_14233.fasta_fairymags.fasta	206_1	0.0999999999999999	average	ANImf	206
bin_concoct_SASB_rhimgCAMI2-sample-4.11_magneto.fasta	206_1	0.0999999999999999	average	ANImf	206
bin_metabat_SASB_rhimgCAMI2-sample-0.9_magneto.fasta	206_1	0.0999999999999999	average	ANImf	206
bin_metabat_SASB_rhimgCAMI2-sample-1.2_magneto.fasta	206_1	0.0999999999999999	average	ANImf	206
bin_metabat_SASB_rhimgCAMI2-sample-2.6_magneto.fasta	206_1	0.0999999999999999	average	ANImf	206
bin_metabat_SASB_rhimgCAMI2-sample-3.2_magneto.fasta	206_1	0.0999999999999999	average	ANImf	206
bin_semibin_SASB_rhimgCAMI2-sample-19.7_magneto.fasta	206_1	0.0999999999999999	average	ANImf	206
bin_semibin_SASB_rhimgCAMI2-sample-20.2_sub_magneto.fasta	206_1	0.0999999999999999	average	ANImf	206
sample_runs_6_binner123_Refined_24_mgnify.fasta	206_1	0.0999999999999999	average	ANImf	206
anonymous_reads_162__name_anonymous_reads.fq_bin_84.fasta_fairymags.fasta	207_0	0.0999999999999999	average	ANImf	207
anonymous_reads_90__name_anonymous_reads.fq_bin_93.fasta_fairymags.fasta	208_0	0.0999999999999999	average	ANImf	208
1121272.PRJNA165369_ref.fasta	209_1	0.0999999999999999	average	ANImf	209
sample_runs_5_metabat2_28_mgnify.fasta	209_1	0.0999999999999999	average	ANImf	209
1136417.PRJNA169836_ref.fasta	210_0	0.0999999999999999	average	ANImf	210
1150864.PRJNA84455_ref.fasta	211_0	0.0999999999999999	average	ANImf	211
1120949.PRJNA165359_ref.fasta	212_0	0.0999999999999999	average	ANImf	212
1246995.PRJNA178199_ref.fasta	213_0	0.0999999999999999	average	ANImf	213
1121926.PRJNA188906_ref.fasta	214_0	0.0999999999999999	average	ANImf	214
316330.PRJNA201009_ref.fasta	215_0	0.0999999999999999	average	ANImf	215
479432.PRJNA21083_ref.fasta	216_0	0.0999999999999999	average	ANImf	216
469371.PRJNA20737_ref.fasta	217_0	0.0999999999999999	average	ANImf	217
1120948.PRJNA165357_ref.fasta	218_0	0.0999999999999999	average	ANImf	218
1449976.PRJNA235190_ref.fasta	219_0	0.0999999999999999	average	ANImf	219
405948.PRJEA18489_ref.fasta	220_0	0.0999999999999999	average	ANImf	220
446462.PRJNA19705_ref.fasta	221_0	0.0999999999999999	average	ANImf	221
345341.PRJNA38053_ref.fasta	222_0	0.0999999999999999	average	ANImf	222
65497.PRJNA238534_ref.fasta	223_0	0.0999999999999999	average	ANImf	223
1050202.PRJNA78921_ref.fasta	224_0	0.0999999999999999	average	ANImf	224
337191.PRJNA50495_ref.fasta	225_0	0.0999999999999999	average	ANImf	225
521096.PRJNA29399_ref.fasta	226_0	0.0999999999999999	average	ANImf	226
196162.PRJNA12738_ref.fasta	227_0	0.0999999999999999	average	ANImf	227
3934_AP_ref.fasta	228_0	0.0999999999999999	average	ANImf	228
1429046.PRJNA229768_ref.fasta	229_0	0.0999999999999999	average	ANImf	229
350054.PRJNA15760_ref.fasta	230_0	0.0999999999999999	average	ANImf	230
700508.PRJNA177066_ref.fasta	231_0	0.0999999999999999	average	ANImf	231
LjRoot80_ref.fasta	232_0	0.0999999999999999	average	ANImf	232
1214102.PRJNA170443_ref.fasta	233_0	0.0999999999999999	average	ANImf	233
1089545.PRJNA165347_ref.fasta	234_1	0.0999999999999999	average	ANImf	234
287986.PRJNA244719_ref.fasta	234_1	0.0999999999999999	average	ANImf	234
749927.PRJNA46889_ref.fasta	234_1	0.0999999999999999	average	ANImf	234
1068978.PRJNA173670_ref.fasta	235_0	0.0999999999999999	average	ANImf	235
591158.PRJNA33599_ref.fasta	236_0	0.0999999999999999	average	ANImf	236
526225.PRJNA29547_ref.fasta	237_0	0.0999999999999999	average	ANImf	237
987045.PRJNA63165_ref.fasta	238_0	0.0999999999999999	average	ANImf	238
1120936.PRJNA185238_ref.fasta	239_0	0.0999999999999999	average	ANImf	239
479433.PRJNA21085_ref.fasta	240_0	0.0999999999999999	average	ANImf	240
479431.PRJNA29537_ref.fasta	241_0	0.0999999999999999	average	ANImf	241
479435.PRJNA21089_ref.fasta	242_0	0.0999999999999999	average	ANImf	242
1283299.PRJNA186462_ref.fasta	243_0	0.0999999999999999	average	ANImf	243
929712.PRJNA63851_ref.fasta	244_0	0.0999999999999999	average	ANImf	244
469383.PRJNA20745_ref.fasta	245_0	0.0999999999999999	average	ANImf	245
861299.PRJNA194094_ref.fasta	246_0	0.0999999999999999	average	ANImf	246
1121372.PRJNA188856_ref.fasta	247_0	0.0999999999999999	average	ANImf	247
3934_AO_ref.fasta	248_0	0.0999999999999999	average	ANImf	248
3934_BK_ref.fasta	249_1	0.0999999999999999	average	ANImf	249
LjRoot186_ref.fasta	249_1	0.0999999999999999	average	ANImf	249
LjRoot44_ref.fasta	249_1	0.0999999999999999	average	ANImf	249
3823_AE_ref.fasta	250_1	0.0999999999999999	average	ANImf	250
Chlamy52_ref.fasta	250_1	0.0999999999999999	average	ANImf	250
3934_CG_ref.fasta	251_0	0.0999999999999999	average	ANImf	251
LjRoot42_ref.fasta	252_0	0.0999999999999999	average	ANImf	252
LjRoot45_ref.fasta	253_0	0.0999999999999999	average	ANImf	253
Chlamy174_ref.fasta	254_0	0.0999999999999999	average	ANImf	254
1205910.PRJNA169662_ref.fasta	255_0	0.0999999999999999	average	ANImf	255
446465.PRJNA17026_ref.fasta	256_0	0.0999999999999999	average	ANImf	256
1523621.PRJNA255748_ref.fasta	257_1	0.0999999999999999	average	ANImf	257
3937_I_ref.fasta	257_2	0.0999999999999999	average	ANImf	257
590998.PRJNA33691_ref.fasta	258_0	0.0999999999999999	average	ANImf	258
593907.PRJNA33853_ref.fasta	259_0	0.0999999999999999	average	ANImf	259
446466.PRJNA19707_ref.fasta	260_0	0.0999999999999999	average	ANImf	260
471853.PRJNA20827_ref.fasta	261_0	0.0999999999999999	average	ANImf	261
3934_AX_ref.fasta	262_0	0.0999999999999999	average	ANImf	262
926564.PRJNA66563_ref.fasta	263_0	0.0999999999999999	average	ANImf	263
LjRoot48_ref.fasta	264_0	0.0999999999999999	average	ANImf	264
LjRoot49_ref.fasta	265_0	0.0999999999999999	average	ANImf	265
208439.PRJNA251529_ref.fasta	266_1	0.0999999999999999	average	ANImf	266
anonymous_reads_162__name_anonymous_reads.fq_bin_34820.fasta_fairymags.fasta	266_1	0.0999999999999999	average	ANImf	266
sample_runs_4_binner123_Refined_19_mgnify.fasta	266_1	0.0999999999999999	average	ANImf	266
anonymous_reads_22__name_anonymous_reads.fq_bin_288.fasta_fairymags.fasta	267_0	0.0999999999999999	average	ANImf	267
anonymous_reads_22__name_anonymous_reads.fq_bin_368.fasta_fairymags.fasta	268_0	0.0999999999999999	average	ANImf	268
anonymous_reads_22__name_anonymous_reads.fq_bin_340.fasta_fairymags.fasta	269_0	0.0999999999999999	average	ANImf	269
anonymous_reads_162__name_anonymous_reads.fq_bin_12332.fasta_fairymags.fasta	270_0	0.0999999999999999	average	ANImf	270
anonymous_reads_150__name_anonymous_reads.fq_bin_150.fasta_fairymags.fasta	271_0	0.0999999999999999	average	ANImf	271
anonymous_reads_150__name_anonymous_reads.fq_bin_414.fasta_fairymags.fasta	272_0	0.0999999999999999	average	ANImf	272
anonymous_reads_78__name_anonymous_reads.fq_bin_4206.fasta_fairymags.fasta	273_0	0.0999999999999999	average	ANImf	273
anonymous_reads_42__name_anonymous_reads.fq_bin_12150.fasta_fairymags.fasta	274_0	0.0999999999999999	average	ANImf	274
anonymous_reads_78__name_anonymous_reads.fq_bin_4305.fasta_fairymags.fasta	275_0	0.0999999999999999	average	ANImf	275
anonymous_reads_106__name_anonymous_reads.fq_bin_910.fasta_fairymags.fasta	276_0	0.0999999999999999	average	ANImf	276
anonymous_reads_54__name_anonymous_reads.fq_bin_15.fasta_fairymags.fasta	277_0	0.0999999999999999	average	ANImf	277
anonymous_reads_10__name_anonymous_reads.fq_bin_1496.fasta_fairymags.fasta	278_0	0.0999999999999999	average	ANImf	278
anonymous_reads_38__name_anonymous_reads.fq_bin_1009.fasta_fairymags.fasta	279_0	0.0999999999999999	average	ANImf	279
253839.PRJNA33601_ref.fasta	280_1	0.0999999999999999	average	ANImf	280
anonymous_reads_70__name_anonymous_reads.fq_bin_31285.fasta_fairymags.fasta	280_1	0.0999999999999999	average	ANImf	280
sample_runs_6_concoct_8_mgnify.fasta	280_1	0.0999999999999999	average	ANImf	280
anonymous_reads_94__name_anonymous_reads.fq_bin_43.fasta_fairymags.fasta	281_0	0.0999999999999999	average	ANImf	281
anonymous_reads_150__name_anonymous_reads.fq_bin_1178.fasta_fairymags.fasta	282_0	0.0999999999999999	average	ANImf	282
anonymous_reads_54__name_anonymous_reads.fq_bin_1297.fasta_fairymags.fasta	283_0	0.0999999999999999	average	ANImf	283
anonymous_reads_122__name_anonymous_reads.fq_bin_6139.fasta_fairymags.fasta	284_0	0.0999999999999999	average	ANImf	284
1121377.PRJNA183018_ref.fasta	285_0	0.0999999999999999	average	ANImf	285
684949.PRJNA157079_ref.fasta	286_0	0.0999999999999999	average	ANImf	286
546414.PRJNA16691_ref.fasta	287_0	0.0999999999999999	average	ANImf	287
243230.PRJNA65_ref.fasta	288_0	0.0999999999999999	average	ANImf	288
709986.PRJNA43461_ref.fasta	289_0	0.0999999999999999	average	ANImf	289
926554.PRJNA66373_ref.fasta	290_0	0.0999999999999999	average	ANImf	290
401053.PRJNA48971_ref.fasta	291_0	0.0999999999999999	average	ANImf	291
3823_Z_ref.fasta	292_0	0.0999999999999999	average	ANImf	292
529.PRJNA244571_ref.fasta	293_0	0.0999999999999999	average	ANImf	293
1217720.PRJNA171724_ref.fasta	294_0	0.0999999999999999	average	ANImf	294
Chlamy7_ref.fasta	295_0	0.0999999999999999	average	ANImf	295
246197.PRJNA1421_ref.fasta	296_0	0.0999999999999999	average	ANImf	296
anonymous_reads_26__name_anonymous_reads.fq_bin_17102.fasta_fairymags.fasta	297_0	0.0999999999999999	average	ANImf	297
anonymous_reads_78__name_anonymous_reads.fq_bin_3385.fasta_fairymags.fasta	298_0	0.0999999999999999	average	ANImf	298
anonymous_reads_146__name_anonymous_reads.fq_bin_5302.fasta_fairymags.fasta	299_0	0.0999999999999999	average	ANImf	299
anonymous_reads_54__name_anonymous_reads.fq_bin_1305.fasta_fairymags.fasta	300_0	0.0999999999999999	average	ANImf	300
anonymous_reads_98__name_anonymous_reads.fq_bin_11478.fasta_fairymags.fasta	301_0	0.0999999999999999	average	ANImf	301
1267600.PRJNA239657_ref.fasta	302_0	0.0999999999999999	average	ANImf	302
69222.PRJNA238419_ref.fasta	303_0	0.0999999999999999	average	ANImf	303
Chlamy26_ref.fasta	304_1	0.0999999999999999	average	ANImf	304
Chlamy44_ref.fasta	304_1	0.0999999999999999	average	ANImf	304
1441930.PRJNA232738_ref.fasta	305_0	0.0999999999999999	average	ANImf	305
3934_CQ_ref.fasta	306_0	0.0999999999999999	average	ANImf	306
1408254.PRJNA223198_ref.fasta	307_0	0.0999999999999999	average	ANImf	307
3823_AO_ref.fasta	308_1	0.0999999999999999	average	ANImf	308
anonymous_reads_46__name_anonymous_reads.fq_bin_63.fasta_fairymags.fasta	308_1	0.0999999999999999	average	ANImf	308
sample_runs_4_metabat2_12_mgnify.fasta	308_1	0.0999999999999999	average	ANImf	308
anonymous_reads_106__name_anonymous_reads.fq_bin_11244.fasta_fairymags.fasta	309_0	0.0999999999999999	average	ANImf	309
anonymous_reads_106__name_anonymous_reads.fq_bin_11240.fasta_fairymags.fasta	310_0	0.0999999999999999	average	ANImf	310
LjRoot184_ref.fasta	311_0	0.0999999999999999	average	ANImf	311
LjRoot3_ref.fasta	312_0	0.0999999999999999	average	ANImf	312
LjRoot177_ref.fasta	313_0	0.0999999999999999	average	ANImf	313
anonymous_reads_166__name_anonymous_reads.fq_bin_19.fasta_fairymags.fasta	314_0	0.0999999999999999	average	ANImf	314
anonymous_reads_110__name_anonymous_reads.fq_bin_204.fasta_fairymags.fasta	315_1	0.0999999999999999	average	ANImf	315
anonymous_reads_26__name_anonymous_reads.fq_bin_1729.fasta_fairymags.fasta	315_1	0.0999999999999999	average	ANImf	315
3823_G_ref.fasta	316_1	0.0999999999999999	average	ANImf	316
anonymous_reads_162__name_anonymous_reads.fq_bin_29766.fasta_fairymags.fasta	316_1	0.0999999999999999	average	ANImf	316
sample_runs_2_binner123_Refined_1_mgnify.fasta	316_1	0.0999999999999999	average	ANImf	316
anonymous_reads_106__name_anonymous_reads.fq_bin_12940.fasta_fairymags.fasta	317_0	0.0999999999999999	average	ANImf	317
anonymous_reads_110__name_anonymous_reads.fq_bin_152.fasta_fairymags.fasta	318_0	0.0999999999999999	average	ANImf	318
anonymous_reads_162__name_anonymous_reads.fq_bin_9714.fasta_fairymags.fasta	319_0	0.0999999999999999	average	ANImf	319
1367847.PRJNA212980_ref.fasta	320_0	0.0999999999999999	average	ANImf	320
759362.PRJNA48079_ref.fasta	321_0	0.0999999999999999	average	ANImf	321
anonymous_reads_118__name_anonymous_reads.fq_bin_11958.fasta_fairymags.fasta	322_0	0.0999999999999999	average	ANImf	322
anonymous_reads_22__name_anonymous_reads.fq_bin_728.fasta_fairymags.fasta	323_0	0.0999999999999999	average	ANImf	323
anonymous_reads_110__name_anonymous_reads.fq_bin_173.fasta_fairymags.fasta	324_0	0.0999999999999999	average	ANImf	324
anonymous_reads_158__name_anonymous_reads.fq_bin_6832.fasta_fairymags.fasta	325_0	0.0999999999999999	average	ANImf	325
anonymous_reads_114__name_anonymous_reads.fq_bin_9168.fasta_fairymags.fasta	326_0	0.0999999999999999	average	ANImf	326
anonymous_reads_22__name_anonymous_reads.fq_bin_894.fasta_fairymags.fasta	327_0	0.0999999999999999	average	ANImf	327
anonymous_reads_134__name_anonymous_reads.fq_bin_10405.fasta_fairymags.fasta	328_0	0.0999999999999999	average	ANImf	328
anonymous_reads_90__name_anonymous_reads.fq_bin_313.fasta_fairymags.fasta	329_0	0.0999999999999999	average	ANImf	329
1038862.PRJNA170887_ref.fasta	330_0	0.0999999999999999	average	ANImf	330
3823_K_ref.fasta	331_0	0.0999999999999999	average	ANImf	331
1038866.PRJNA165325_ref.fasta	332_1	0.0999999999999999	average	ANImf	332
3823_Y_ref.fasta	332_1	0.0999999999999999	average	ANImf	332
anonymous_reads_82__name_anonymous_reads.fq_bin_35329.fasta_fairymags.fasta	332_1	0.0999999999999999	average	ANImf	332
sample_runs_5_binner13_Refined_14_mgnify.fasta	332_1	0.0999999999999999	average	ANImf	332
anonymous_reads_134__name_anonymous_reads.fq_bin_12503.fasta_fairymags.fasta	333_0	0.0999999999999999	average	ANImf	333
anonymous_reads_110__name_anonymous_reads.fq_bin_199.fasta_fairymags.fasta	334_0	0.0999999999999999	average	ANImf	334
anonymous_reads_22__name_anonymous_reads.fq_bin_806.fasta_fairymags.fasta	335_0	0.0999999999999999	average	ANImf	335
anonymous_reads_26__name_anonymous_reads.fq_bin_1818.fasta_fairymags.fasta	336_0	0.0999999999999999	average	ANImf	336
anonymous_reads_22__name_anonymous_reads.fq_bin_934.fasta_fairymags.fasta	337_0	0.0999999999999999	average	ANImf	337
anonymous_reads_10__name_anonymous_reads.fq_bin_666.fasta_fairymags.fasta	338_0	0.0999999999999999	average	ANImf	338
3823_B_ref.fasta	339_0	0.0999999999999999	average	ANImf	339
anonymous_reads_158__name_anonymous_reads.fq_bin_449.fasta_fairymags.fasta	340_0	0.0999999999999999	average	ANImf	340
anonymous_reads_58__name_anonymous_reads.fq_bin_5478.fasta_fairymags.fasta	341_0	0.0999999999999999	average	ANImf	341
anonymous_reads_166__name_anonymous_reads.fq_bin_34.fasta_fairymags.fasta	342_0	0.0999999999999999	average	ANImf	342
anonymous_reads_34__name_anonymous_reads.fq_bin_12507.fasta_fairymags.fasta	343_0	0.0999999999999999	average	ANImf	343
anonymous_reads_114__name_anonymous_reads.fq_bin_10210.fasta_fairymags.fasta	344_0	0.0999999999999999	average	ANImf	344
3823_I_ref.fasta	345_1	0.0999999999999999	average	ANImf	345
anonymous_reads_106__name_anonymous_reads.fq_bin_18653.fasta_fairymags.fasta	345_1	0.0999999999999999	average	ANImf	345
sample_runs_4_binner123_Refined_35_mgnify.fasta	345_1	0.0999999999999999	average	ANImf	345
anonymous_reads_130__name_anonymous_reads.fq_bin_15445.fasta_fairymags.fasta	346_0	0.0999999999999999	average	ANImf	346
anonymous_reads_158__name_anonymous_reads.fq_bin_1310.fasta_fairymags.fasta	347_0	0.0999999999999999	average	ANImf	347
anonymous_reads_26__name_anonymous_reads.fq_bin_16075.fasta_fairymags.fasta	348_0	0.0999999999999999	average	ANImf	348
anonymous_reads_130__name_anonymous_reads.fq_bin_10142.fasta_fairymags.fasta	349_0	0.0999999999999999	average	ANImf	349
anonymous_reads_134__name_anonymous_reads.fq_bin_731.fasta_fairymags.fasta	350_0	0.0999999999999999	average	ANImf	350
anonymous_reads_158__name_anonymous_reads.fq_bin_1689.fasta_fairymags.fasta	351_0	0.0999999999999999	average	ANImf	351
anonymous_reads_26__name_anonymous_reads.fq_bin_3118.fasta_fairymags.fasta	352_0	0.0999999999999999	average	ANImf	352
anonymous_reads_110__name_anonymous_reads.fq_bin_188.fasta_fairymags.fasta	353_0	0.0999999999999999	average	ANImf	353
anonymous_reads_26__name_anonymous_reads.fq_bin_8481.fasta_fairymags.fasta	354_0	0.0999999999999999	average	ANImf	354
anonymous_reads_110__name_anonymous_reads.fq_bin_193.fasta_fairymags.fasta	355_1	0.0999999999999999	average	ANImf	355
anonymous_reads_26__name_anonymous_reads.fq_bin_16442.fasta_fairymags.fasta	355_1	0.0999999999999999	average	ANImf	355
323098.PRJNA13474_ref.fasta	356_1	0.0999999999999999	average	ANImf	356
anonymous_reads_162__name_anonymous_reads.fq_bin_30882.fasta_fairymags.fasta	356_1	0.0999999999999999	average	ANImf	356
anonymous_reads_18__name_anonymous_reads.fq_bin_5205.fasta_fairymags.fasta	356_1	0.0999999999999999	average	ANImf	356
sample_runs_3_binner13_Refined_15_mgnify.fasta	356_1	0.0999999999999999	average	ANImf	356
anonymous_reads_106__name_anonymous_reads.fq_bin_50.fasta_fairymags.fasta	357_0	0.0999999999999999	average	ANImf	357
anonymous_reads_10__name_anonymous_reads.fq_bin_585.fasta_fairymags.fasta	358_0	0.0999999999999999	average	ANImf	358
anonymous_reads_22__name_anonymous_reads.fq_bin_744.fasta_fairymags.fasta	359_0	0.0999999999999999	average	ANImf	359
anonymous_reads_118__name_anonymous_reads.fq_bin_10995.fasta_fairymags.fasta	360_0	0.0999999999999999	average	ANImf	360
anonymous_reads_26__name_anonymous_reads.fq_bin_16611.fasta_fairymags.fasta	361_0	0.0999999999999999	average	ANImf	361
anonymous_reads_22__name_anonymous_reads.fq_bin_914.fasta_fairymags.fasta	362_0	0.0999999999999999	average	ANImf	362
anonymous_reads_102__name_anonymous_reads.fq_bin_177.fasta_fairymags.fasta	363_1	0.0999999999999999	average	ANImf	363
anonymous_reads_106__name_anonymous_reads.fq_bin_2767.fasta_fairymags.fasta	363_1	0.0999999999999999	average	ANImf	363
anonymous_reads_150__name_anonymous_reads.fq_bin_54.fasta_fairymags.fasta	364_1	0.0999999999999999	average	ANImf	364
anonymous_reads_38__name_anonymous_reads.fq_bin_389.fasta_fairymags.fasta	364_1	0.0999999999999999	average	ANImf	364
anonymous_reads_82__name_anonymous_reads.fq_bin_9679.fasta_fairymags.fasta	365_0	0.0999999999999999	average	ANImf	365
anonymous_reads_118__name_anonymous_reads.fq_bin_829.fasta_fairymags.fasta	366_0	0.0999999999999999	average	ANImf	366
anonymous_reads_46__name_anonymous_reads.fq_bin_35580.fasta_fairymags.fasta	367_0	0.0999999999999999	average	ANImf	367
anonymous_reads_38__name_anonymous_reads.fq_bin_378.fasta_fairymags.fasta	368_0	0.0999999999999999	average	ANImf	368
anonymous_reads_82__name_anonymous_reads.fq_bin_8422.fasta_fairymags.fasta	369_0	0.0999999999999999	average	ANImf	369
anonymous_reads_10__name_anonymous_reads.fq_bin_630.fasta_fairymags.fasta	370_0	0.0999999999999999	average	ANImf	370
3823_AB_ref.fasta	371_0	0.0999999999999999	average	ANImf	371
3823_J_ref.fasta	372_0	0.0999999999999999	average	ANImf	372
3823_P_ref.fasta	373_1	0.0999999999999999	average	ANImf	373
LjNodule212_ref.fasta	373_1	0.0999999999999999	average	ANImf	373
anonymous_reads_102__name_anonymous_reads.fq_bin_6811.fasta_fairymags.fasta	373_1	0.0999999999999999	average	ANImf	373
anonymous_reads_142__name_anonymous_reads.fq_bin_16536.fasta_fairymags.fasta	373_1	0.0999999999999999	average	ANImf	373
anonymous_reads_82__name_anonymous_reads.fq_bin_8477.fasta_fairymags.fasta	373_1	0.0999999999999999	average	ANImf	373
bin_concoct_SASB_rhimgCAMI2-sample-2.2_magneto.fasta	373_1	0.0999999999999999	average	ANImf	373
bin_metabat_SASB_rhimgCAMI2-sample-12.7_magneto.fasta	373_1	0.0999999999999999	average	ANImf	373
bin_metabat_SASB_rhimgCAMI2-sample-4.3_magneto.fasta	373_1	0.0999999999999999	average	ANImf	373
bin_semibin_SASB_rhimgCAMI2-sample-14.3_magneto.fasta	373_1	0.0999999999999999	average	ANImf	373
sample_runs_5_concoct_41_mgnify.fasta	373_1	0.0999999999999999	average	ANImf	373
anonymous_reads_82__name_anonymous_reads.fq_bin_8590.fasta_fairymags.fasta	374_0	0.0999999999999999	average	ANImf	374
anonymous_reads_10__name_anonymous_reads.fq_bin_650.fasta_fairymags.fasta	375_0	0.0999999999999999	average	ANImf	375
anonymous_reads_10__name_anonymous_reads.fq_bin_573.fasta_fairymags.fasta	376_0	0.0999999999999999	average	ANImf	376
anonymous_reads_70__name_anonymous_reads.fq_bin_4418.fasta_fairymags.fasta	377_0	0.0999999999999999	average	ANImf	377
anonymous_reads_10__name_anonymous_reads.fq_bin_739.fasta_fairymags.fasta	378_0	0.0999999999999999	average	ANImf	378
anonymous_reads_94__name_anonymous_reads.fq_bin_633.fasta_fairymags.fasta	379_0	0.0999999999999999	average	ANImf	379
anonymous_reads_62__name_anonymous_reads.fq_bin_5169.fasta_fairymags.fasta	380_0	0.0999999999999999	average	ANImf	380
anonymous_reads_70__name_anonymous_reads.fq_bin_8923.fasta_fairymags.fasta	381_0	0.0999999999999999	average	ANImf	381
3823_M_ref.fasta	382_0	0.0999999999999999	average	ANImf	382
3934_B_ref.fasta	383_0	0.0999999999999999	average	ANImf	383
3823_AK_ref.fasta	384_1	0.0999999999999999	average	ANImf	384
3823_Q_ref.fasta	384_1	0.0999999999999999	average	ANImf	384
3823_T_ref.fasta	384_1	0.0999999999999999	average	ANImf	384
anonymous_reads_122__name_anonymous_reads.fq_bin_8865.fasta_fairymags.fasta	385_0	0.0999999999999999	average	ANImf	385
anonymous_reads_38__name_anonymous_reads.fq_bin_3917.fasta_fairymags.fasta	386_0	0.0999999999999999	average	ANImf	386
LjRoot30_ref.fasta	387_1	0.0999999999999999	average	ANImf	387
sample_runs_6_concoct_55_mgnify.fasta	387_1	0.0999999999999999	average	ANImf	387
anonymous_reads_98__name_anonymous_reads.fq_bin_13896.fasta_fairymags.fasta	388_0	0.0999999999999999	average	ANImf	388
1121033.PRJNA185555_ref.fasta	389_0	0.0999999999999999	average	ANImf	389
3823_C_ref.fasta	390_1	0.0999999999999999	average	ANImf	390
LjRoot11_ref.fasta	390_2	0.0999999999999999	average	ANImf	390
3934_AM_ref.fasta	391_0	0.0999999999999999	average	ANImf	391
3934_CB_ref.fasta	392_0	0.0999999999999999	average	ANImf	392
LjRoot51_ref.fasta	393_0	0.0999999999999999	average	ANImf	393
3823_AM_ref.fasta	394_1	0.0999999999999999	average	ANImf	394
3937_Q_ref.fasta	394_1	0.0999999999999999	average	ANImf	394
106592.PRJNA247817_ref.fasta	395_1	0.0999999999999999	average	ANImf	395
LjRoot10_ref.fasta	395_1	0.0999999999999999	average	ANImf	395
3823_U_ref.fasta	396_1	0.0999999999999999	average	ANImf	396
3823_V_ref.fasta	396_1	0.0999999999999999	average	ANImf	396
LjRoot104_ref.fasta	396_1	0.0999999999999999	average	ANImf	396
311403.PRJNA13402_ref.fasta	397_1	0.0999999999999999	average	ANImf	397
3823_AG_ref.fasta	397_1	0.0999999999999999	average	ANImf	397
3823_AN_ref.fasta	398_0	0.0999999999999999	average	ANImf	398
3823_AJ_ref.fasta	399_0	0.0999999999999999	average	ANImf	399
3823_AA_ref.fasta	400_1	0.0999999999999999	average	ANImf	400
3823_F_ref.fasta	400_1	0.0999999999999999	average	ANImf	400
anonymous_reads_154__name_anonymous_reads.fq_bin_14722.fasta_fairymags.fasta	400_1	0.0999999999999999	average	ANImf	400
bin_concoct_SASB_rhimgCAMI2-sample-11.7_magneto.fasta	400_1	0.0999999999999999	average	ANImf	400
bin_metabat_SASB_rhimgCAMI2-sample-10.9_magneto.fasta	400_1	0.0999999999999999	average	ANImf	400
bin_metabat_SASB_rhimgCAMI2-sample-15.2_magneto.fasta	400_1	0.0999999999999999	average	ANImf	400
bin_metabat_SASB_rhimgCAMI2-sample-16.1_magneto.fasta	400_1	0.0999999999999999	average	ANImf	400
bin_metabat_SASB_rhimgCAMI2-sample-17.1_magneto.fasta	400_1	0.0999999999999999	average	ANImf	400
bin_metabat_SASB_rhimgCAMI2-sample-7.1_magneto.fasta	400_1	0.0999999999999999	average	ANImf	400
bin_metabat_SASB_rhimgCAMI2-sample-8.5_sub_magneto.fasta	400_1	0.0999999999999999	average	ANImf	400
bin_semibin_SASB_rhimgCAMI2-sample-13.4_magneto.fasta	400_1	0.0999999999999999	average	ANImf	400
bin_semibin_SASB_rhimgCAMI2-sample-20.3_magneto.fasta	400_1	0.0999999999999999	average	ANImf	400
bin_semibin_SASB_rhimgCAMI2-sample-9.4_magneto.fasta	400_1	0.0999999999999999	average	ANImf	400
sample_runs_8_binner13_Refined_4_mgnify.fasta	400_1	0.0999999999999999	average	ANImf	400
1432050.PRJNA230502_ref.fasta	401_0	0.0999999999999999	average	ANImf	401
anonymous_reads_106__name_anonymous_reads.fq_bin_1540.fasta_fairymags.fasta	402_0	0.0999999999999999	average	ANImf	402
anonymous_reads_38__name_anonymous_reads.fq_bin_396.fasta_fairymags.fasta	403_0	0.0999999999999999	average	ANImf	403
anonymous_reads_38__name_anonymous_reads.fq_bin_400.fasta_fairymags.fasta	404_0	0.0999999999999999	average	ANImf	404
1380394.PRJNA213782_ref.fasta	405_0	0.0999999999999999	average	ANImf	405
395965.PRJNA20635_ref.fasta	406_0	0.0999999999999999	average	ANImf	406
323097.PRJNA13473_ref.fasta	407_0	0.0999999999999999	average	ANImf	407
LjRoot16_ref.fasta	408_1	0.0999999999999999	average	ANImf	408
anonymous_reads_130__name_anonymous_reads.fq_bin_13858.fasta_fairymags.fasta	408_1	0.0999999999999999	average	ANImf	408
anonymous_reads_34__name_anonymous_reads.fq_bin_9096.fasta_fairymags.fasta	408_1	0.0999999999999999	average	ANImf	408
sample_runs_2_binner13_Refined_15_mgnify.fasta	408_1	0.0999999999999999	average	ANImf	408
3823_D_ref.fasta	409_0	0.0999999999999999	average	ANImf	409
3823_AI_ref.fasta	410_1	0.0999999999999999	average	ANImf	410
LjRoot142_ref.fasta	410_1	0.0999999999999999	average	ANImf	410
LjRoot145_ref.fasta	410_1	0.0999999999999999	average	ANImf	410
3823_O_ref.fasta	411_1	0.0999999999999999	average	ANImf	411
LjRoot9_ref.fasta	411_1	0.0999999999999999	average	ANImf	411
3823_S_ref.fasta	412_1	0.0999999999999999	average	ANImf	412
LjRoot90_ref.fasta	412_1	0.0999999999999999	average	ANImf	412
3934_BL_ref.fasta	412_2	0.0999999999999999	average	ANImf	412
3823_AQ_ref.fasta	413_0	0.0999999999999999	average	ANImf	413
Chlamy9_ref.fasta	414_0	0.0999999999999999	average	ANImf	414
3934_AU_ref.fasta	415_0	0.0999999999999999	average	ANImf	415
Chlamy147_ref.fasta	416_0	0.0999999999999999	average	ANImf	416
3934_M_ref.fasta	417_0	0.0999999999999999	average	ANImf	417
452662.PRJDA19949_ref.fasta	418_0	0.0999999999999999	average	ANImf	418
Chlamy80_ref.fasta	419_1	0.0999999999999999	average	ANImf	419
LjRoot17_ref.fasta	419_1	0.0999999999999999	average	ANImf	419
1121125.PRJNA188849_ref.fasta	420_0	0.0999999999999999	average	ANImf	420
3823_AL_ref.fasta	421_1	0.0999999999999999	average	ANImf	421
LjRoot202_ref.fasta	421_2	0.0999999999999999	average	ANImf	421
3934_AE_ref.fasta	422_0	0.0999999999999999	average	ANImf	422
LjRoot101_ref.fasta	423_1	0.0999999999999999	average	ANImf	423
sample_runs_4_binner23_Refined_6_mgnify.fasta	423_1	0.0999999999999999	average	ANImf	423
LjRoot167_ref.fasta	424_0	0.0999999999999999	average	ANImf	424
3823_A_ref.fasta	425_0	0.0999999999999999	average	ANImf	425
1298862.PRJNA190819_ref.fasta	426_0	0.0999999999999999	average	ANImf	426
anonymous_reads_110__name_anonymous_reads.fq_bin_142.fasta_fairymags.fasta	427_0	0.0999999999999999	average	ANImf	427
anonymous_reads_70__name_anonymous_reads.fq_bin_9255.fasta_fairymags.fasta	428_0	0.0999999999999999	average	ANImf	428
anonymous_reads_142__name_anonymous_reads.fq_bin_37.fasta_fairymags.fasta	429_1	0.0999999999999999	average	ANImf	429
anonymous_reads_58__name_anonymous_reads.fq_bin_29461.fasta_fairymags.fasta	429_1	0.0999999999999999	average	ANImf	429
3823_AD_ref.fasta	430_1	0.0999999999999999	average	ANImf	430
anonymous_reads_130__name_anonymous_reads.fq_bin_5409.fasta_fairymags.fasta	430_1	0.0999999999999999	average	ANImf	430
anonymous_reads_138__name_anonymous_reads.fq_bin_192.fasta_fairymags.fasta	430_1	0.0999999999999999	average	ANImf	430
anonymous_reads_30__name_anonymous_reads.fq_bin_43384.fasta_fairymags.fasta	430_1	0.0999999999999999	average	ANImf	430
bin_concoct_SASB_rhimgCAMI2-sample-18.6_magneto.fasta	430_1	0.0999999999999999	average	ANImf	430
anonymous_reads_2__name_anonymous_reads.fq_bin_8009.fasta_fairymags.fasta	431_0	0.0999999999999999	average	ANImf	431
anonymous_reads_158__name_anonymous_reads.fq_bin_1160.fasta_fairymags.fasta	432_0	0.0999999999999999	average	ANImf	432
anonymous_reads_146__name_anonymous_reads.fq_bin_4002.fasta_fairymags.fasta	433_0	0.0999999999999999	average	ANImf	433
anonymous_reads_146__name_anonymous_reads.fq_bin_4213.fasta_fairymags.fasta	434_0	0.0999999999999999	average	ANImf	434
anonymous_reads_130__name_anonymous_reads.fq_bin_8165.fasta_fairymags.fasta	435_0	0.0999999999999999	average	ANImf	435
anonymous_reads_134__name_anonymous_reads.fq_bin_13312.fasta_fairymags.fasta	436_0	0.0999999999999999	average	ANImf	436
anonymous_reads_122__name_anonymous_reads.fq_bin_4250.fasta_fairymags.fasta	437_0	0.0999999999999999	average	ANImf	437
anonymous_reads_38__name_anonymous_reads.fq_bin_941.fasta_fairymags.fasta	438_0	0.0999999999999999	average	ANImf	438
anonymous_reads_30__name_anonymous_reads.fq_bin_12915.fasta_fairymags.fasta	439_0	0.0999999999999999	average	ANImf	439
anonymous_reads_30__name_anonymous_reads.fq_bin_11885.fasta_fairymags.fasta	440_0	0.0999999999999999	average	ANImf	440
anonymous_reads_82__name_anonymous_reads.fq_bin_8367.fasta_fairymags.fasta	441_0	0.0999999999999999	average	ANImf	441
anonymous_reads_154__name_anonymous_reads.fq_bin_2979.fasta_fairymags.fasta	442_0	0.0999999999999999	average	ANImf	442
anonymous_reads_26__name_anonymous_reads.fq_bin_17152.fasta_fairymags.fasta	443_0	0.0999999999999999	average	ANImf	443
anonymous_reads_114__name_anonymous_reads.fq_bin_14230.fasta_fairymags.fasta	444_0	0.0999999999999999	average	ANImf	444
anonymous_reads_158__name_anonymous_reads.fq_bin_5584.fasta_fairymags.fasta	445_0	0.0999999999999999	average	ANImf	445
anonymous_reads_162__name_anonymous_reads.fq_bin_11716.fasta_fairymags.fasta	446_0	0.0999999999999999	average	ANImf	446
anonymous_reads_98__name_anonymous_reads.fq_bin_10120.fasta_fairymags.fasta	447_0	0.0999999999999999	average	ANImf	447
anonymous_reads_134__name_anonymous_reads.fq_bin_4007.fasta_fairymags.fasta	448_0	0.0999999999999999	average	ANImf	448
anonymous_reads_146__name_anonymous_reads.fq_bin_9177.fasta_fairymags.fasta	449_0	0.0999999999999999	average	ANImf	449
anonymous_reads_38__name_anonymous_reads.fq_bin_2111.fasta_fairymags.fasta	450_1	0.0999999999999999	average	ANImf	450
anonymous_reads_66__name_anonymous_reads.fq_bin_2771.fasta_fairymags.fasta	450_1	0.0999999999999999	average	ANImf	450
anonymous_reads_66__name_anonymous_reads.fq_bin_1867.fasta_fairymags.fasta	451_0	0.0999999999999999	average	ANImf	451
anonymous_reads_134__name_anonymous_reads.fq_bin_9114.fasta_fairymags.fasta	452_0	0.0999999999999999	average	ANImf	452
anonymous_reads_58__name_anonymous_reads.fq_bin_677.fasta_fairymags.fasta	453_0	0.0999999999999999	average	ANImf	453
anonymous_reads_38__name_anonymous_reads.fq_bin_1611.fasta_fairymags.fasta	454_0	0.0999999999999999	average	ANImf	454
anonymous_reads_46__name_anonymous_reads.fq_bin_12480.fasta_fairymags.fasta	455_0	0.0999999999999999	average	ANImf	455
anonymous_reads_150__name_anonymous_reads.fq_bin_727.fasta_fairymags.fasta	456_0	0.0999999999999999	average	ANImf	456
anonymous_reads_114__name_anonymous_reads.fq_bin_15236.fasta_fairymags.fasta	457_1	0.0999999999999999	average	ANImf	457
anonymous_reads_94__name_anonymous_reads.fq_bin_846.fasta_fairymags.fasta	457_1	0.0999999999999999	average	ANImf	457
anonymous_reads_122__name_anonymous_reads.fq_bin_981.fasta_fairymags.fasta	458_1	0.0999999999999999	average	ANImf	458
anonymous_reads_38__name_anonymous_reads.fq_bin_1627.fasta_fairymags.fasta	458_1	0.0999999999999999	average	ANImf	458
anonymous_reads_70__name_anonymous_reads.fq_bin_9629.fasta_fairymags.fasta	459_0	0.0999999999999999	average	ANImf	459
anonymous_reads_150__name_anonymous_reads.fq_bin_741.fasta_fairymags.fasta	460_0	0.0999999999999999	average	ANImf	460
anonymous_reads_150__name_anonymous_reads.fq_bin_1262.fasta_fairymags.fasta	461_1	0.0999999999999999	average	ANImf	461
anonymous_reads_66__name_anonymous_reads.fq_bin_8126.fasta_fairymags.fasta	461_1	0.0999999999999999	average	ANImf	461
anonymous_reads_10__name_anonymous_reads.fq_bin_1053.fasta_fairymags.fasta	462_0	0.0999999999999999	average	ANImf	462
1089549.PRJNA86067_ref.fasta	463_0	0.0999999999999999	average	ANImf	463
1123261.PRJNA195811_ref.fasta	464_0	0.0999999999999999	average	ANImf	464
519442.PRJNA29305_ref.fasta	465_0	0.0999999999999999	average	ANImf	465
anonymous_reads_146__name_anonymous_reads.fq_bin_726.fasta_fairymags.fasta	466_0	0.0999999999999999	average	ANImf	466
anonymous_reads_2__name_anonymous_reads.fq_bin_697.fasta_fairymags.fasta	467_0	0.0999999999999999	average	ANImf	467
anonymous_reads_10__name_anonymous_reads.fq_bin_1004.fasta_fairymags.fasta	468_0	0.0999999999999999	average	ANImf	468
bin_concoct_SASB_rhimgCAMI2-sample-7.20_sub_magneto.fasta	469_0	0.0999999999999999	average	ANImf	469
anonymous_reads_42__name_anonymous_reads.fq_bin_37732.fasta_fairymags.fasta	470_0	0.0999999999999999	average	ANImf	470
anonymous_reads_98__name_anonymous_reads.fq_bin_11034.fasta_fairymags.fasta	471_0	0.0999999999999999	average	ANImf	471
anonymous_reads_62__name_anonymous_reads.fq_bin_2064.fasta_fairymags.fasta	472_0	0.0999999999999999	average	ANImf	472
anonymous_reads_86__name_anonymous_reads.fq_bin_3158.fasta_fairymags.fasta	473_0	0.0999999999999999	average	ANImf	473
743713.PRJNA68653_ref.fasta	474_1	0.0999999999999999	average	ANImf	474
anonymous_reads_118__name_anonymous_reads.fq_bin_56.fasta_fairymags.fasta	474_1	0.0999999999999999	average	ANImf	474
sample_runs_8_binner13_Refined_20_mgnify.fasta	474_1	0.0999999999999999	average	ANImf	474
Chlamy107_ref.fasta	475_1	0.0999999999999999	average	ANImf	475
Chlamy90_ref.fasta	475_1	0.0999999999999999	average	ANImf	475
anonymous_reads_34__name_anonymous_reads.fq_bin_15424.fasta_fairymags.fasta	476_0	0.0999999999999999	average	ANImf	476
anonymous_reads_90__name_anonymous_reads.fq_bin_638.fasta_fairymags.fasta	477_0	0.0999999999999999	average	ANImf	477
3823_AH_ref.fasta	478_1	0.0999999999999999	average	ANImf	478
3934_AF_ref.fasta	478_1	0.0999999999999999	average	ANImf	478
3934_AN_ref.fasta	478_1	0.0999999999999999	average	ANImf	478
3934_AY_ref.fasta	478_1	0.0999999999999999	average	ANImf	478
3934_BW_ref.fasta	478_1	0.0999999999999999	average	ANImf	478
3934_Y_ref.fasta	478_1	0.0999999999999999	average	ANImf	478
LjRoot154_ref.fasta	478_1	0.0999999999999999	average	ANImf	478
LjRoot182_ref.fasta	478_1	0.0999999999999999	average	ANImf	478
LjRoot43_ref.fasta	478_1	0.0999999999999999	average	ANImf	478
anonymous_reads_118__name_anonymous_reads.fq_bin_52.fasta_fairymags.fasta	478_1	0.0999999999999999	average	ANImf	478
anonymous_reads_130__name_anonymous_reads.fq_bin_11246.fasta_fairymags.fasta	479_0	0.0999999999999999	average	ANImf	479
1262454.PRJNA182080_ref.fasta	480_0	0.0999999999999999	average	ANImf	480
1316927.PRJNA196427_ref.fasta	481_0	0.0999999999999999	average	ANImf	481
anonymous_reads_18__name_anonymous_reads.fq_bin_1412.fasta_fairymags.fasta	482_0	0.0999999999999999	average	ANImf	482
anonymous_reads_46__name_anonymous_reads.fq_bin_4274.fasta_fairymags.fasta	483_0	0.0999999999999999	average	ANImf	483
anonymous_reads_14__name_anonymous_reads.fq_bin_11168.fasta_fairymags.fasta	484_0	0.0999999999999999	average	ANImf	484
anonymous_reads_82__name_anonymous_reads.fq_bin_6073.fasta_fairymags.fasta	485_0	0.0999999999999999	average	ANImf	485
1419583.PRJNA227201_ref.fasta	486_1	0.0999999999999999	average	ANImf	486
anonymous_reads_14__name_anonymous_reads.fq_bin_38048.fasta_fairymags.fasta	486_1	0.0999999999999999	average	ANImf	486
anonymous_reads_2__name_anonymous_reads.fq_bin_6264.fasta_fairymags.fasta	486_1	0.0999999999999999	average	ANImf	486
bin_concoct_SASB_rhimgCAMI2-sample-1.0_magneto.fasta	486_1	0.0999999999999999	average	ANImf	486
bin_concoct_SASB_rhimgCAMI2-sample-10.0_magneto.fasta	486_1	0.0999999999999999	average	ANImf	486
bin_concoct_SASB_rhimgCAMI2-sample-13.9_magneto.fasta	486_1	0.0999999999999999	average	ANImf	486
bin_concoct_SASB_rhimgCAMI2-sample-16.19_magneto.fasta	486_1	0.0999999999999999	average	ANImf	486
bin_concoct_SASB_rhimgCAMI2-sample-18.8_magneto.fasta	486_1	0.0999999999999999	average	ANImf	486
bin_concoct_SASB_rhimgCAMI2-sample-20.19_magneto.fasta	486_1	0.0999999999999999	average	ANImf	486
bin_concoct_SASB_rhimgCAMI2-sample-3.5_magneto.fasta	486_1	0.0999999999999999	average	ANImf	486
bin_concoct_SASB_rhimgCAMI2-sample-6.14_magneto.fasta	486_1	0.0999999999999999	average	ANImf	486
bin_metabat_SASB_rhimgCAMI2-sample-5.2_magneto.fasta	486_1	0.0999999999999999	average	ANImf	486
bin_metabat_SASB_rhimgCAMI2-sample-7.3_magneto.fasta	486_1	0.0999999999999999	average	ANImf	486
bin_semibin_SASB_rhimgCAMI2-sample-11.0_magneto.fasta	486_1	0.0999999999999999	average	ANImf	486
bin_semibin_SASB_rhimgCAMI2-sample-12.5_magneto.fasta	486_1	0.0999999999999999	average	ANImf	486
bin_semibin_SASB_rhimgCAMI2-sample-14.0_magneto.fasta	486_1	0.0999999999999999	average	ANImf	486
bin_semibin_SASB_rhimgCAMI2-sample-19.3_magneto.fasta	486_1	0.0999999999999999	average	ANImf	486
bin_semibin_SASB_rhimgCAMI2-sample-9.2_magneto.fasta	486_1	0.0999999999999999	average	ANImf	486
sample_runs_4_binner123_Refined_31_mgnify.fasta	486_1	0.0999999999999999	average	ANImf	486
3934_CH_ref.fasta	487_1	0.0999999999999999	average	ANImf	487
3934_CK_ref.fasta	487_1	0.0999999999999999	average	ANImf	487
3934_CP_ref.fasta	487_1	0.0999999999999999	average	ANImf	487
anonymous_reads_66__name_anonymous_reads.fq_bin_4671.fasta_fairymags.fasta	487_1	0.0999999999999999	average	ANImf	487
anonymous_reads_90__name_anonymous_reads.fq_bin_3101.fasta_fairymags.fasta	487_1	0.0999999999999999	average	ANImf	487
bin_concoct_SASB_rhimgCAMI2-sample-8.12_magneto.fasta	487_1	0.0999999999999999	average	ANImf	487
sample_runs_7_binner23_Refined_21_mgnify.fasta	487_1	0.0999999999999999	average	ANImf	487
3823_AS_ref.fasta	488_0	0.0999999999999999	average	ANImf	488
Chlamy125_ref.fasta	489_1	0.0999999999999999	average	ANImf	489
Chlamy165_ref.fasta	489_1	0.0999999999999999	average	ANImf	489
3823_AT_ref.fasta	490_0	0.0999999999999999	average	ANImf	490
LjRoot162_ref.fasta	491_0	0.0999999999999999	average	ANImf	491
3823_AX_ref.fasta	492_0	0.0999999999999999	average	ANImf	492
3937_Y_ref.fasta	493_1	0.0999999999999999	average	ANImf	493
LjRoot71_ref.fasta	493_2	0.0999999999999999	average	ANImf	493
3823_N_ref.fasta	494_1	0.0999999999999999	average	ANImf	494
LjRoot92_ref.fasta	494_1	0.0999999999999999	average	ANImf	494
1439940.PRJNA232351_ref.fasta	495_0	0.0999999999999999	average	ANImf	495
316.PRJNA240232_ref.fasta	496_0	0.0999999999999999	average	ANImf	496
LjRoot152_ref.fasta	497_1	0.0999999999999999	average	ANImf	497
anonymous_reads_138__name_anonymous_reads.fq_bin_57.fasta_fairymags.fasta	497_1	0.0999999999999999	average	ANImf	497
anonymous_reads_22__name_anonymous_reads.fq_bin_4172.fasta_fairymags.fasta	497_1	0.0999999999999999	average	ANImf	497
sample_runs_5_maxbin2_2_mgnify.fasta	497_1	0.0999999999999999	average	ANImf	497
658612.PRJNA261945_ref.fasta	498_1	0.0999999999999999	average	ANImf	498
anonymous_reads_2__name_anonymous_reads.fq_bin_10052.fasta_fairymags.fasta	498_1	0.0999999999999999	average	ANImf	498
69328.PRJNA178195_ref.fasta	499_0	0.0999999999999999	average	ANImf	499
1295141.PRJNA189715_ref.fasta	500_0	0.0999999999999999	average	ANImf	500
321846.PRJNA245780_ref.fasta	501_0	0.0999999999999999	average	ANImf	501
690598.PRJNA41633_ref.fasta	502_0	0.0999999999999999	average	ANImf	502
1387231.PRJNA215329_ref.fasta	503_0	0.0999999999999999	average	ANImf	503
1206777.PRJNA170013_ref.fasta	504_0	0.0999999999999999	average	ANImf	504
anonymous_reads_118__name_anonymous_reads.fq_bin_5230.fasta_fairymags.fasta	505_0	0.0999999999999999	average	ANImf	505
675511.PRJNA89087_ref.fasta	506_0	0.0999999999999999	average	ANImf	506
anonymous_reads_110__name_anonymous_reads.fq_bin_69.fasta_fairymags.fasta	507_0	0.0999999999999999	average	ANImf	507
525903.PRJNA29531_ref.fasta	508_0	0.0999999999999999	average	ANImf	508
251221.PRJNA9606_ref.fasta	509_0	0.0999999999999999	average	ANImf	509
1196323.PRJNA167831_ref.fasta	510_0	0.0999999999999999	average	ANImf	510
1206781.PRJNA170044_ref.fasta	511_0	0.0999999999999999	average	ANImf	511
1406.PRJNA261104_ref.fasta	512_0	0.0999999999999999	average	ANImf	512
1501230.PRJNA246682_ref.fasta	513_0	0.0999999999999999	average	ANImf	513
324057.PRJNA20399_ref.fasta	514_0	0.0999999999999999	average	ANImf	514
979226.PRJNA81617_ref.fasta	515_0	0.0999999999999999	average	ANImf	515
1380763.PRJNA238415_ref.fasta	516_0	0.0999999999999999	average	ANImf	516
717606.PRJNA49287_ref.fasta	517_0	0.0999999999999999	average	ANImf	517
1121346.PRJNA182399_ref.fasta	518_0	0.0999999999999999	average	ANImf	518
3934_AA_ref.fasta	519_1	0.0999999999999999	average	ANImf	519
3934_AI_ref.fasta	519_1	0.0999999999999999	average	ANImf	519
3934_E_ref.fasta	519_1	0.0999999999999999	average	ANImf	519
3934_F_ref.fasta	519_1	0.0999999999999999	average	ANImf	519
3934_Q_ref.fasta	519_1	0.0999999999999999	average	ANImf	519
Chlamy71_ref.fasta	520_0	0.0999999999999999	average	ANImf	520
Chlamy123_ref.fasta	521_0	0.0999999999999999	average	ANImf	521
anonymous_reads_42__name_anonymous_reads.fq_bin_5759.fasta_fairymags.fasta	522_0	0.0999999999999999	average	ANImf	522
1217721.PRJNA254093_ref.fasta	523_0	0.0999999999999999	average	ANImf	523
LjRoot18_ref.fasta	524_0	0.0999999999999999	average	ANImf	524
3934_K_ref.fasta	525_1	0.0999999999999999	average	ANImf	525
sample_runs_2_concoct_31_mgnify.fasta	525_1	0.0999999999999999	average	ANImf	525
3934_BA_ref.fasta	526_1	0.0999999999999999	average	ANImf	526
LjRoot125_ref.fasta	526_2	0.0999999999999999	average	ANImf	526
LjRoot156_ref.fasta	527_0	0.0999999999999999	average	ANImf	527
3934_BD_ref.fasta	528_1	0.0999999999999999	average	ANImf	528
3934_C_ref.fasta	528_1	0.0999999999999999	average	ANImf	528
3934_AZ_ref.fasta	528_2	0.0999999999999999	average	ANImf	528
3934_S_ref.fasta	528_2	0.0999999999999999	average	ANImf	528
LjRoot21_ref.fasta	528_3	0.0999999999999999	average	ANImf	528
LjRoot143_ref.fasta	528_4	0.0999999999999999	average	ANImf	528
3934_D_ref.fasta	529_0	0.0999999999999999	average	ANImf	529
3823_AC_ref.fasta	530_0	0.0999999999999999	average	ANImf	530
1304866.PRJNA195881_ref.fasta	531_0	0.0999999999999999	average	ANImf	531
357809.PRJNA16184_ref.fasta	532_0	0.0999999999999999	average	ANImf	532
Chlamy135_ref.fasta	533_1	0.0999999999999999	average	ANImf	533
LjRoot15_ref.fasta	533_1	0.0999999999999999	average	ANImf	533
1174504.PRJNA159255_ref.fasta	534_0	0.0999999999999999	average	ANImf	534
1005941.PRJNA171367_ref.fasta	535_0	0.0999999999999999	average	ANImf	535
1285586.PRJNA186959_ref.fasta	536_0	0.0999999999999999	average	ANImf	536
1405.PRJNA243593_ref.fasta	537_0	0.0999999999999999	average	ANImf	537
315749.PRJNA13624_ref.fasta	538_0	0.0999999999999999	average	ANImf	538
Chlamy176_ref.fasta	539_0	0.0999999999999999	average	ANImf	539
315750.PRJNA20391_ref.fasta	540_0	0.0999999999999999	average	ANImf	540
720555.PRJNA46075_ref.fasta	541_0	0.0999999999999999	average	ANImf	541
1292035.PRJNA188694_ref.fasta	542_0	0.0999999999999999	average	ANImf	542
398511.PRJNA28811_ref.fasta	543_0	0.0999999999999999	average	ANImf	543
1131731.PRJNA80827_ref.fasta	544_0	0.0999999999999999	average	ANImf	544
1417988.PRJNA226735_ref.fasta	545_0	0.0999999999999999	average	ANImf	545
796606.PRJNA246479_ref.fasta	546_0	0.0999999999999999	average	ANImf	546
1128398.PRJNA79221_ref.fasta	547_0	0.0999999999999999	average	ANImf	547
1159488.PRJEA88899_ref.fasta	548_0	0.0999999999999999	average	ANImf	548
1356854.PRJNA210955_ref.fasta	549_0	0.0999999999999999	average	ANImf	549
292459.PRJNA12994_ref.fasta	550_0	0.0999999999999999	average	ANImf	550
756499.PRJNA61181_ref.fasta	551_0	0.0999999999999999	average	ANImf	551
LjRoot153_ref.fasta	552_0	0.0999999999999999	average	ANImf	552
3823_L_ref.fasta	553_0	0.0999999999999999	average	ANImf	553
667632.PRJNA169697_ref.fasta	554_0	0.0999999999999999	average	ANImf	554
76114.PRJNA13242_ref.fasta	555_0	0.0999999999999999	average	ANImf	555
LjRoot31_ref.fasta	556_1	0.0999999999999999	average	ANImf	556
LjRoot34_ref.fasta	556_1	0.0999999999999999	average	ANImf	556
LjRoot29_ref.fasta	557_0	0.0999999999999999	average	ANImf	557
LjRoot33_ref.fasta	558_0	0.0999999999999999	average	ANImf	558
LjRoot53_ref.fasta	559_0	0.0999999999999999	average	ANImf	559
1156918.PRJNA86069_ref.fasta	560_0	0.0999999999999999	average	ANImf	560
1121335.PRJNA181307_ref.fasta	561_0	0.0999999999999999	average	ANImf	561
1286171.PRJNA187031_ref.fasta	562_0	0.0999999999999999	average	ANImf	562
394503.PRJNA17419_ref.fasta	563_0	0.0999999999999999	average	ANImf	563
697284.PRJNA42205_ref.fasta	564_0	0.0999999999999999	average	ANImf	564
anonymous_reads_26__name_anonymous_reads.fq_bin_12972.fasta_fairymags.fasta	565_0	0.0999999999999999	average	ANImf	565
anonymous_reads_94__name_anonymous_reads.fq_bin_8747.fasta_fairymags.fasta	566_0	0.0999999999999999	average	ANImf	566
anonymous_reads_106__name_anonymous_reads.fq_bin_284.fasta_fairymags.fasta	567_0	0.0999999999999999	average	ANImf	567
anonymous_reads_134__name_anonymous_reads.fq_bin_6017.fasta_fairymags.fasta	568_0	0.0999999999999999	average	ANImf	568
anonymous_reads_42__name_anonymous_reads.fq_bin_1481.fasta_fairymags.fasta	569_0	0.0999999999999999	average	ANImf	569
anonymous_reads_10__name_anonymous_reads.fq_bin_1358.fasta_fairymags.fasta	570_1	0.0999999999999999	average	ANImf	570
anonymous_reads_26__name_anonymous_reads.fq_bin_198.fasta_fairymags.fasta	570_1	0.0999999999999999	average	ANImf	570
LjRoot103_ref.fasta	571_1	0.0999999999999999	average	ANImf	571
LjRoot176_ref.fasta	571_1	0.0999999999999999	average	ANImf	571
LjRoot66_ref.fasta	571_1	0.0999999999999999	average	ANImf	571
3934_BR_ref.fasta	572_1	0.0999999999999999	average	ANImf	572
LjRoot117_ref.fasta	572_1	0.0999999999999999	average	ANImf	572
LjRoot194_ref.fasta	572_1	0.0999999999999999	average	ANImf	572
anonymous_reads_134__name_anonymous_reads.fq_bin_14365.fasta_fairymags.fasta	572_1	0.0999999999999999	average	ANImf	572
3934_BX_ref.fasta	573_1	0.0999999999999999	average	ANImf	573
Chlamy53_ref.fasta	573_1	0.0999999999999999	average	ANImf	573
3934_CM_ref.fasta	573_2	0.0999999999999999	average	ANImf	573
LjRoot38_ref.fasta	573_2	0.0999999999999999	average	ANImf	573
LjRoot192_ref.fasta	574_0	0.0999999999999999	average	ANImf	574
LjRoot105_ref.fasta	575_1	0.0999999999999999	average	ANImf	575
LjRoot74_ref.fasta	575_1	0.0999999999999999	average	ANImf	575
LjRoot109_ref.fasta	576_1	0.0999999999999999	average	ANImf	576
LjRoot120_ref.fasta	576_1	0.0999999999999999	average	ANImf	576
LjRoot134_ref.fasta	576_1	0.0999999999999999	average	ANImf	576
LjRoot181_ref.fasta	576_1	0.0999999999999999	average	ANImf	576
LjRoot187_ref.fasta	576_1	0.0999999999999999	average	ANImf	576
LjRoot79_ref.fasta	576_1	0.0999999999999999	average	ANImf	576
anonymous_reads_30__name_anonymous_reads.fq_bin_59054.fasta_fairymags.fasta	576_1	0.0999999999999999	average	ANImf	576
sample_runs_8_binner123_Refined_2_mgnify.fasta	576_1	0.0999999999999999	average	ANImf	576
LjRoot129_ref.fasta	577_0	0.0999999999999999	average	ANImf	577
anonymous_reads_26__name_anonymous_reads.fq_bin_9957.fasta_fairymags.fasta	578_0	0.0999999999999999	average	ANImf	578
anonymous_reads_62__name_anonymous_reads.fq_bin_11929.fasta_fairymags.fasta	579_0	0.0999999999999999	average	ANImf	579
anonymous_reads_98__name_anonymous_reads.fq_bin_1755.fasta_fairymags.fasta	580_0	0.0999999999999999	average	ANImf	580
3934_BP_ref.fasta	581_1	0.0999999999999999	average	ANImf	581
anonymous_reads_14__name_anonymous_reads.fq_bin_44390.fasta_fairymags.fasta	581_1	0.0999999999999999	average	ANImf	581
anonymous_reads_26__name_anonymous_reads.fq_bin_209.fasta_fairymags.fasta	581_1	0.0999999999999999	average	ANImf	581
sample_runs_6_binner123_Refined_6_mgnify.fasta	581_1	0.0999999999999999	average	ANImf	581
anonymous_reads_54__name_anonymous_reads.fq_bin_1500.fasta_fairymags.fasta	582_0	0.0999999999999999	average	ANImf	582
anonymous_reads_146__name_anonymous_reads.fq_bin_3741.fasta_fairymags.fasta	583_0	0.0999999999999999	average	ANImf	583
anonymous_reads_34__name_anonymous_reads.fq_bin_1477.fasta_fairymags.fasta	584_0	0.0999999999999999	average	ANImf	584
anonymous_reads_10__name_anonymous_reads.fq_bin_1370.fasta_fairymags.fasta	585_0	0.0999999999999999	average	ANImf	585
Chlamy119_ref.fasta	586_1	0.0999999999999999	average	ANImf	586
Chlamy76_ref.fasta	586_1	0.0999999999999999	average	ANImf	586
anonymous_reads_38__name_anonymous_reads.fq_bin_6010.fasta_fairymags.fasta	586_1	0.0999999999999999	average	ANImf	586
anonymous_reads_66__name_anonymous_reads.fq_bin_23526.fasta_fairymags.fasta	586_1	0.0999999999999999	average	ANImf	586
sample_runs_0_binner13_Refined_1_mgnify.fasta	586_1	0.0999999999999999	average	ANImf	586
Chlamy187_ref.fasta	587_0	0.0999999999999999	average	ANImf	587
Chlamy126_ref.fasta	588_1	0.0999999999999999	average	ANImf	588
Chlamy182_ref.fasta	588_1	0.0999999999999999	average	ANImf	588
anonymous_reads_54__name_anonymous_reads.fq_bin_2602.fasta_fairymags.fasta	588_1	0.0999999999999999	average	ANImf	588
Chlamy109_ref.fasta	589_1	0.0999999999999999	average	ANImf	589
Chlamy183_ref.fasta	589_1	0.0999999999999999	average	ANImf	589
Chlamy37_ref.fasta	589_1	0.0999999999999999	average	ANImf	589
Chlamy84_ref.fasta	589_1	0.0999999999999999	average	ANImf	589
anonymous_reads_14__name_anonymous_reads.fq_bin_14773.fasta_fairymags.fasta	589_1	0.0999999999999999	average	ANImf	589
anonymous_reads_66__name_anonymous_reads.fq_bin_15330.fasta_fairymags.fasta	589_1	0.0999999999999999	average	ANImf	589
bin_concoct_SASB_rhimgCAMI2-sample-12.7_magneto.fasta	589_1	0.0999999999999999	average	ANImf	589
bin_concoct_SASB_rhimgCAMI2-sample-13.10_magneto.fasta	589_1	0.0999999999999999	average	ANImf	589
bin_concoct_SASB_rhimgCAMI2-sample-8.21_magneto.fasta	589_1	0.0999999999999999	average	ANImf	589
bin_concoct_SASB_rhimgCAMI2-sample-9.5_magneto.fasta	589_1	0.0999999999999999	average	ANImf	589
1217718.PRJNA171721_ref.fasta	590_0	0.0999999999999999	average	ANImf	590
1156919.PRJNA86071_ref.fasta	591_0	0.0999999999999999	average	ANImf	591
LjRoot1_ref.fasta	592_0	0.0999999999999999	average	ANImf	592
365046.PRJNA16294_ref.fasta	593_0	0.0999999999999999	average	ANImf	593
3934_I_ref.fasta	594_0	0.0999999999999999	average	ANImf	594
LjRoot131_ref.fasta	595_0	0.0999999999999999	average	ANImf	595
LjRoot28_ref.fasta	596_0	0.0999999999999999	average	ANImf	596
anonymous_reads_122__name_anonymous_reads.fq_bin_1037.fasta_fairymags.fasta	597_0	0.0999999999999999	average	ANImf	597
anonymous_reads_130__name_anonymous_reads.fq_bin_3057.fasta_fairymags.fasta	598_0	0.0999999999999999	average	ANImf	598
anonymous_reads_10__name_anonymous_reads.fq_bin_1114.fasta_fairymags.fasta	599_0	0.0999999999999999	average	ANImf	599
anonymous_reads_58__name_anonymous_reads.fq_bin_4983.fasta_fairymags.fasta	600_0	0.0999999999999999	average	ANImf	600
LjRoot40_ref.fasta	601_1	0.0999999999999999	average	ANImf	601
anonymous_reads_134__name_anonymous_reads.fq_bin_29956.fasta_fairymags.fasta	601_1	0.0999999999999999	average	ANImf	601
anonymous_reads_14__name_anonymous_reads.fq_bin_4572.fasta_fairymags.fasta	601_1	0.0999999999999999	average	ANImf	601
sample_runs_6_binner23_Refined_27_mgnify.fasta	601_1	0.0999999999999999	average	ANImf	601
anonymous_reads_98__name_anonymous_reads.fq_bin_11597.fasta_fairymags.fasta	602_0	0.0999999999999999	average	ANImf	602
anonymous_reads_98__name_anonymous_reads.fq_bin_11588.fasta_fairymags.fasta	603_0	0.0999999999999999	average	ANImf	603
anonymous_reads_14__name_anonymous_reads.fq_bin_3053.fasta_fairymags.fasta	604_0	0.0999999999999999	average	ANImf	604
3934_AD_ref.fasta	605_1	0.0999999999999999	average	ANImf	605
3934_AL_ref.fasta	605_1	0.0999999999999999	average	ANImf	605
3823_AP_ref.fasta	606_1	0.0999999999999999	average	ANImf	606
3823_R_ref.fasta	606_1	0.0999999999999999	average	ANImf	606
LjRoot139_ref.fasta	606_1	0.0999999999999999	average	ANImf	606
LjRoot150_ref.fasta	606_1	0.0999999999999999	average	ANImf	606
LjRoot170_ref.fasta	606_1	0.0999999999999999	average	ANImf	606
LjRoot62_ref.fasta	606_1	0.0999999999999999	average	ANImf	606
LjRoot69_ref.fasta	606_1	0.0999999999999999	average	ANImf	606
LjRoot99_ref.fasta	606_1	0.0999999999999999	average	ANImf	606
anonymous_reads_10__name_anonymous_reads.fq_bin_1215.fasta_fairymags.fasta	606_1	0.0999999999999999	average	ANImf	606
anonymous_reads_146__name_anonymous_reads.fq_bin_15228.fasta_fairymags.fasta	606_1	0.0999999999999999	average	ANImf	606
anonymous_reads_74__name_anonymous_reads.fq_bin_6900.fasta_fairymags.fasta	606_1	0.0999999999999999	average	ANImf	606
sample_runs_4_binner12_Refined_39_mgnify.fasta	606_1	0.0999999999999999	average	ANImf	606
anonymous_reads_158__name_anonymous_reads.fq_bin_11987.fasta_fairymags.fasta	606_2	0.0999999999999999	average	ANImf	606
anonymous_reads_166__name_anonymous_reads.fq_bin_4.fasta_fairymags.fasta	607_0	0.0999999999999999	average	ANImf	607
anonymous_reads_98__name_anonymous_reads.fq_bin_7796.fasta_fairymags.fasta	608_0	0.0999999999999999	average	ANImf	608
Chlamy13_ref.fasta	609_0	0.0999999999999999	average	ANImf	609
anonymous_reads_150__name_anonymous_reads.fq_bin_1310.fasta_fairymags.fasta	610_0	0.0999999999999999	average	ANImf	610
Chlamy6_ref.fasta	611_1	0.0999999999999999	average	ANImf	611
anonymous_reads_106__name_anonymous_reads.fq_bin_30969.fasta_fairymags.fasta	611_1	0.0999999999999999	average	ANImf	611
anonymous_reads_150__name_anonymous_reads.fq_bin_160.fasta_fairymags.fasta	611_1	0.0999999999999999	average	ANImf	611
anonymous_reads_38__name_anonymous_reads.fq_bin_1633.fasta_fairymags.fasta	611_1	0.0999999999999999	average	ANImf	611
sample_runs_6_binner123_Refined_23_mgnify.fasta	611_1	0.0999999999999999	average	ANImf	611
anonymous_reads_114__name_anonymous_reads.fq_bin_1649.fasta_fairymags.fasta	612_0	0.0999999999999999	average	ANImf	612
anonymous_reads_134__name_anonymous_reads.fq_bin_9176.fasta_fairymags.fasta	613_0	0.0999999999999999	average	ANImf	613
anonymous_reads_142__name_anonymous_reads.fq_bin_2559.fasta_fairymags.fasta	614_1	0.0999999999999999	average	ANImf	614
anonymous_reads_30__name_anonymous_reads.fq_bin_1588.fasta_fairymags.fasta	614_1	0.0999999999999999	average	ANImf	614
anonymous_reads_146__name_anonymous_reads.fq_bin_1791.fasta_fairymags.fasta	615_1	0.0999999999999999	average	ANImf	615
anonymous_reads_62__name_anonymous_reads.fq_bin_7232.fasta_fairymags.fasta	615_1	0.0999999999999999	average	ANImf	615
LjRoot130_ref.fasta	616_1	0.0999999999999999	average	ANImf	616
LjRoot175_ref.fasta	616_1	0.0999999999999999	average	ANImf	616
LjRoot179_ref.fasta	616_1	0.0999999999999999	average	ANImf	616
LjRoot84_ref.fasta	616_1	0.0999999999999999	average	ANImf	616
anonymous_reads_38__name_anonymous_reads.fq_bin_588.fasta_fairymags.fasta	616_1	0.0999999999999999	average	ANImf	616
anonymous_reads_42__name_anonymous_reads.fq_bin_13524.fasta_fairymags.fasta	616_1	0.0999999999999999	average	ANImf	616
anonymous_reads_114__name_anonymous_reads.fq_bin_1762.fasta_fairymags.fasta	617_0	0.0999999999999999	average	ANImf	617
1298859.PRJNA190816_ref.fasta	618_1	0.0999999999999999	average	ANImf	618
anonymous_reads_150__name_anonymous_reads.fq_bin_3155.fasta_fairymags.fasta	618_1	0.0999999999999999	average	ANImf	618
sample_runs_8_concoct_3_mgnify.fasta	618_1	0.0999999999999999	average	ANImf	618
3823_E_ref.fasta	619_1	0.0999999999999999	average	ANImf	619
anonymous_reads_134__name_anonymous_reads.fq_bin_25.fasta_fairymags.fasta	619_1	0.0999999999999999	average	ANImf	619
bin_semibin_SASB_rhimgCAMI2-sample-16.6_magneto.fasta	619_1	0.0999999999999999	average	ANImf	619
398527.PRJNA17463_ref.fasta	620_0	0.0999999999999999	average	ANImf	620
935543.PRJNA169686_ref.fasta	621_0	0.0999999999999999	average	ANImf	621
1218084.PRJDB257_ref.fasta	622_1	0.0999999999999999	average	ANImf	622
3823_AW_ref.fasta	622_1	0.0999999999999999	average	ANImf	622
3823_W_ref.fasta	622_1	0.0999999999999999	average	ANImf	622
anonymous_reads_118__name_anonymous_reads.fq_bin_15896.fasta_fairymags.fasta	622_1	0.0999999999999999	average	ANImf	622
bin_concoct_SASB_rhimgCAMI2-sample-0.2_magneto.fasta	622_1	0.0999999999999999	average	ANImf	622
bin_concoct_SASB_rhimgCAMI2-sample-2.18_magneto.fasta	622_1	0.0999999999999999	average	ANImf	622
sample_runs_0_maxbin2_6_mgnify.fasta	622_1	0.0999999999999999	average	ANImf	622
anonymous_reads_70__name_anonymous_reads.fq_bin_3.fasta_fairymags.fasta	623_0	0.0999999999999999	average	ANImf	623
anonymous_reads_82__name_anonymous_reads.fq_bin_7212.fasta_fairymags.fasta	624_0	0.0999999999999999	average	ANImf	624
anonymous_reads_94__name_anonymous_reads.fq_bin_422.fasta_fairymags.fasta	625_0	0.0999999999999999	average	ANImf	625
404380.PRJNA17707_ref.fasta	626_0	0.0999999999999999	average	ANImf	626
443143.PRJNA33159_ref.fasta	627_0	0.0999999999999999	average	ANImf	627
LjRoot196_ref.fasta	628_1	0.0999999999999999	average	ANImf	628
LjRoot70_ref.fasta	628_1	0.0999999999999999	average	ANImf	628
3934_AG_ref.fasta	629_0	0.0999999999999999	average	ANImf	629
3934_BF_ref.fasta	630_0	0.0999999999999999	average	ANImf	630
1304886.PRJNA195832_ref.fasta	631_0	0.0999999999999999	average	ANImf	631
456442.PRJNA18505_ref.fasta	632_0	0.0999999999999999	average	ANImf	632
290397.PRJNA12634_ref.fasta	633_0	0.0999999999999999	average	ANImf	633
404589.PRJNA17729_ref.fasta	634_0	0.0999999999999999	average	ANImf	634
anonymous_reads_102__name_anonymous_reads.fq_bin_4708.fasta_fairymags.fasta	635_0	0.0999999999999999	average	ANImf	635
anonymous_reads_110__name_anonymous_reads.fq_bin_78.fasta_fairymags.fasta	636_0	0.0999999999999999	average	ANImf	636
LjRoot183_ref.fasta	637_1	0.0999999999999999	average	ANImf	637
anonymous_reads_26__name_anonymous_reads.fq_bin_46421.fasta_fairymags.fasta	637_1	0.0999999999999999	average	ANImf	637
bin_concoct_SASB_rhimgCAMI2-sample-0.26_magneto.fasta	637_1	0.0999999999999999	average	ANImf	637
bin_concoct_SASB_rhimgCAMI2-sample-3.14_magneto.fasta	637_1	0.0999999999999999	average	ANImf	637
bin_concoct_SASB_rhimgCAMI2-sample-4.17_magneto.fasta	637_1	0.0999999999999999	average	ANImf	637
bin_concoct_SASB_rhimgCAMI2-sample-5.19_magneto.fasta	637_1	0.0999999999999999	average	ANImf	637
sample_runs_0_concoct_62_mgnify.fasta	637_1	0.0999999999999999	average	ANImf	637
anonymous_reads_18__name_anonymous_reads.fq_bin_2653.fasta_fairymags.fasta	638_0	0.0999999999999999	average	ANImf	638
anonymous_reads_82__name_anonymous_reads.fq_bin_287.fasta_fairymags.fasta	639_0	0.0999999999999999	average	ANImf	639
anonymous_reads_118__name_anonymous_reads.fq_bin_2807.fasta_fairymags.fasta	640_0	0.0999999999999999	average	ANImf	640
anonymous_reads_110__name_anonymous_reads.fq_bin_26.fasta_fairymags.fasta	641_0	0.0999999999999999	average	ANImf	641
anonymous_reads_82__name_anonymous_reads.fq_bin_17414.fasta_fairymags.fasta	642_0	0.0999999999999999	average	ANImf	642
Chlamy149_ref.fasta	643_1	0.0999999999999999	average	ANImf	643
Chlamy151_ref.fasta	643_1	0.0999999999999999	average	ANImf	643
anonymous_reads_82__name_anonymous_reads.fq_bin_14975.fasta_fairymags.fasta	643_1	0.0999999999999999	average	ANImf	643
LjRoot122_ref.fasta	644_1	0.0999999999999999	average	ANImf	644
anonymous_reads_30__name_anonymous_reads.fq_bin_24102.fasta_fairymags.fasta	644_1	0.0999999999999999	average	ANImf	644
sample_runs_6_metabat2_3_mgnify.fasta	644_1	0.0999999999999999	average	ANImf	644
anonymous_reads_110__name_anonymous_reads.fq_bin_28.fasta_fairymags.fasta	645_0	0.0999999999999999	average	ANImf	645
anonymous_reads_30__name_anonymous_reads.fq_bin_7671.fasta_fairymags.fasta	646_0	0.0999999999999999	average	ANImf	646
anonymous_reads_150__name_anonymous_reads.fq_bin_3599.fasta_fairymags.fasta	647_0	0.0999999999999999	average	ANImf	647
anonymous_reads_158__name_anonymous_reads.fq_bin_5561.fasta_fairymags.fasta	648_0	0.0999999999999999	average	ANImf	648
anonymous_reads_114__name_anonymous_reads.fq_bin_8167.fasta_fairymags.fasta	649_0	0.0999999999999999	average	ANImf	649
anonymous_reads_146__name_anonymous_reads.fq_bin_7470.fasta_fairymags.fasta	650_0	0.0999999999999999	average	ANImf	650
anonymous_reads_38__name_anonymous_reads.fq_bin_1597.fasta_fairymags.fasta	651_0	0.0999999999999999	average	ANImf	651
anonymous_reads_10__name_anonymous_reads.fq_bin_1130.fasta_fairymags.fasta	652_0	0.0999999999999999	average	ANImf	652
anonymous_reads_62__name_anonymous_reads.fq_bin_7153.fasta_fairymags.fasta	653_0	0.0999999999999999	average	ANImf	653
anonymous_reads_114__name_anonymous_reads.fq_bin_7446.fasta_fairymags.fasta	654_0	0.0999999999999999	average	ANImf	654
anonymous_reads_54__name_anonymous_reads.fq_bin_1580.fasta_fairymags.fasta	655_0	0.0999999999999999	average	ANImf	655
anonymous_reads_146__name_anonymous_reads.fq_bin_7492.fasta_fairymags.fasta	656_0	0.0999999999999999	average	ANImf	656
anonymous_reads_162__name_anonymous_reads.fq_bin_9164.fasta_fairymags.fasta	657_0	0.0999999999999999	average	ANImf	657
anonymous_reads_70__name_anonymous_reads.fq_bin_2040.fasta_fairymags.fasta	658_0	0.0999999999999999	average	ANImf	658
485913.PRJNA27943_ref.fasta	659_0	0.0999999999999999	average	ANImf	659
anonymous_reads_42__name_anonymous_reads.fq_bin_1473.fasta_fairymags.fasta	660_0	0.0999999999999999	average	ANImf	660
anonymous_reads_54__name_anonymous_reads.fq_bin_542.fasta_fairymags.fasta	661_0	0.0999999999999999	average	ANImf	661
anonymous_reads_26__name_anonymous_reads.fq_bin_966.fasta_fairymags.fasta	662_0	0.0999999999999999	average	ANImf	662
anonymous_reads_158__name_anonymous_reads.fq_bin_289.fasta_fairymags.fasta	663_0	0.0999999999999999	average	ANImf	663
1303518.PRJEB1573_ref.fasta	664_0	0.0999999999999999	average	ANImf	664
RNODE_477_length_5419_cov_20.61131_ref.fasta	665_0	0.0999999999999999	average	ANImf	665
RNODE_167_length_15660_cov_7.41802_ref.fasta	666_0	0.0999999999999999	average	ANImf	666
523850.PRJNA20773_ref.fasta	667_0	0.0999999999999999	average	ANImf	667
RNODE_44_length_6101_cov_2.97384_ref.fasta	668_0	0.0999999999999999	average	ANImf	668
RNODE_216_length_15421_cov_6.49724_ref.fasta	669_0	0.0999999999999999	average	ANImf	669
RNODE_579_length_8791_cov_4.68076_ref.fasta	670_0	0.0999999999999999	average	ANImf	670
RNODE_157_length_9240_cov_11.70069_ref.fasta	671_0	0.0999999999999999	average	ANImf	671
RNODE_352_length_10296_cov_22.51324_ref.fasta	672_0	0.0999999999999999	average	ANImf	672
485918.PRJNA27951_ref.fasta	673_0	0.0999999999999999	average	ANImf	673
RNODE_514_length_7618_cov_5.62957_ref.fasta	674_0	0.0999999999999999	average	ANImf	674
RNODE_556_length_34387_cov_8.27811_ref.fasta	675_0	0.0999999999999999	average	ANImf	675
RNODE_232_length_21840_cov_9.43432_ref.fasta	676_0	0.0999999999999999	average	ANImf	676
RNODE_503_length_17293_cov_6.40561_ref.fasta	677_0	0.0999999999999999	average	ANImf	677
1124780.PRJNA182711_ref.fasta	678_0	0.0999999999999999	average	ANImf	678
1353246.PRJNA210247_ref.fasta	679_0	0.0999999999999999	average	ANImf	679
1365176.PRJNA212068_ref.fasta	680_0	0.0999999999999999	average	ANImf	680
694427.PRJNA42009_ref.fasta	681_0	0.0999999999999999	average	ANImf	681
RNODE_102_length_8268_cov_3.53650_ref.fasta	682_0	0.0999999999999999	average	ANImf	682
RNODE_105_length_62790_cov_25.15822_ref.fasta	683_0	0.0999999999999999	average	ANImf	683
RNODE_121_length_10870_cov_30.65219_ref.fasta	684_0	0.0999999999999999	average	ANImf	684
RNODE_132_length_8354_cov_2.98896_ref.fasta	685_0	0.0999999999999999	average	ANImf	685
RNODE_152_length_11535_cov_8.34205_ref.fasta	686_0	0.0999999999999999	average	ANImf	686
RNODE_181_length_5163_cov_13.91578_ref.fasta	687_0	0.0999999999999999	average	ANImf	687
RNODE_192_length_7636_cov_18.62687_ref.fasta	688_0	0.0999999999999999	average	ANImf	688
RNODE_197_length_5069_cov_3.76758_ref.fasta	689_0	0.0999999999999999	average	ANImf	689
RNODE_19_length_30312_cov_10.20690_ref.fasta	690_0	0.0999999999999999	average	ANImf	690
RNODE_1_length_6898_cov_7.60442_ref.fasta	691_0	0.0999999999999999	average	ANImf	691
RNODE_22_length_7302_cov_3.23613_ref.fasta	692_0	0.0999999999999999	average	ANImf	692
RNODE_231_length_5311_cov_4.30176_ref.fasta	693_0	0.0999999999999999	average	ANImf	693
RNODE_240_length_12811_cov_7.14481_ref.fasta	694_0	0.0999999999999999	average	ANImf	694
RNODE_241_length_10461_cov_3.82000_ref.fasta	695_0	0.0999999999999999	average	ANImf	695
RNODE_244_length_5333_cov_28.75937_ref.fasta	696_0	0.0999999999999999	average	ANImf	696
RNODE_250_length_5534_cov_8.34289_ref.fasta	697_0	0.0999999999999999	average	ANImf	697
RNODE_261_length_5536_cov_4.10881_ref.fasta	698_0	0.0999999999999999	average	ANImf	698
RNODE_268_length_9216_cov_4.69600_ref.fasta	699_0	0.0999999999999999	average	ANImf	699
RNODE_270_length_5234_cov_7.75671_ref.fasta	700_0	0.0999999999999999	average	ANImf	700
RNODE_278_length_7999_cov_5.67456_ref.fasta	701_0	0.0999999999999999	average	ANImf	701
RNODE_27_length_9272_cov_4.89762_ref.fasta	702_0	0.0999999999999999	average	ANImf	702
RNODE_280_length_5088_cov_4.43328_ref.fasta	703_0	0.0999999999999999	average	ANImf	703
RNODE_284_length_8760_cov_7.25395_ref.fasta	704_0	0.0999999999999999	average	ANImf	704
RNODE_293_length_11038_cov_5.01480_ref.fasta	705_0	0.0999999999999999	average	ANImf	705
RNODE_301_length_8746_cov_4.36474_ref.fasta	706_0	0.0999999999999999	average	ANImf	706
RNODE_310_length_7241_cov_7.51586_ref.fasta	707_0	0.0999999999999999	average	ANImf	707
RNODE_313_length_7631_cov_9.92207_ref.fasta	708_0	0.0999999999999999	average	ANImf	708
RNODE_321_length_5296_cov_10.18297_ref.fasta	709_0	0.0999999999999999	average	ANImf	709
RNODE_333_length_29512_cov_5.09183_ref.fasta	710_0	0.0999999999999999	average	ANImf	710
RNODE_363_length_5653_cov_18.32623_ref.fasta	711_0	0.0999999999999999	average	ANImf	711
RNODE_401_length_5038_cov_52.89115_ref.fasta	712_0	0.0999999999999999	average	ANImf	712
RNODE_427_length_9830_cov_4.30470_ref.fasta	713_0	0.0999999999999999	average	ANImf	713
RNODE_42_length_6009_cov_12.62369_ref.fasta	714_0	0.0999999999999999	average	ANImf	714
RNODE_430_length_8758_cov_13.30595_ref.fasta	715_0	0.0999999999999999	average	ANImf	715
RNODE_438_length_14517_cov_4.70775_ref.fasta	716_0	0.0999999999999999	average	ANImf	716
RNODE_450_length_11970_cov_105.70786_ref.fasta	717_0	0.0999999999999999	average	ANImf	717
RNODE_475_length_9205_cov_9.11194_ref.fasta	718_0	0.0999999999999999	average	ANImf	718
RNODE_505_length_8295_cov_9.15006_ref.fasta	719_0	0.0999999999999999	average	ANImf	719
RNODE_53_length_5801_cov_10.05503_ref.fasta	720_0	0.0999999999999999	average	ANImf	720
RNODE_541_length_5933_cov_6.74656_ref.fasta	721_0	0.0999999999999999	average	ANImf	721
RNODE_543_length_8600_cov_5.33630_ref.fasta	722_0	0.0999999999999999	average	ANImf	722
RNODE_549_length_12275_cov_6.55509_ref.fasta	723_0	0.0999999999999999	average	ANImf	723
RNODE_554_length_6559_cov_5.96604_ref.fasta	724_0	0.0999999999999999	average	ANImf	724
RNODE_558_length_8065_cov_7.29220_ref.fasta	725_0	0.0999999999999999	average	ANImf	725
RNODE_582_length_6266_cov_6.90437_ref.fasta	726_0	0.0999999999999999	average	ANImf	726
RNODE_586_length_6115_cov_7.69537_ref.fasta	727_0	0.0999999999999999	average	ANImf	727
RNODE_593_length_8426_cov_4.28144_ref.fasta	728_0	0.0999999999999999	average	ANImf	728
RNODE_597_length_13838_cov_20.78765_ref.fasta	729_0	0.0999999999999999	average	ANImf	729
RNODE_59_length_7149_cov_6.99495_ref.fasta	730_0	0.0999999999999999	average	ANImf	730
RNODE_63_length_9116_cov_7.17902_ref.fasta	731_0	0.0999999999999999	average	ANImf	731
RNODE_80_length_5133_cov_7.08687_ref.fasta	732_0	0.0999999999999999	average	ANImf	732
RNODE_83_length_6134_cov_3.71057_ref.fasta	733_0	0.0999999999999999	average	ANImf	733
RNODE_87_length_5673_cov_23.00212_ref.fasta	734_0	0.0999999999999999	average	ANImf	734
RNODE_88_length_5256_cov_29.93752_ref.fasta	735_0	0.0999999999999999	average	ANImf	735
